nome_feature,origem,tipo,dataset,quantidade_total,quantidade_valida,quantidade_ausente,percentual_valido,minimo,maximo,media,mediana,desvio_padrao,p01,p05,p25,p75,p95,p99,quantidade_zero,quantidade_nao_zero,percentual_nao_zero,quantidade_distintos,frequencias
method_is_get,method,binaria,normal,36000,36000,0,100,0,1,0.777778,1,0.41574,0,0,1,1,1,1,8000,28000,77.777778,2,0=8000; 1=28000
method_is_get,method,binaria,anomalo,25065,25065,0,100,0,1,0.601955,1,0.489495,0,0,0,1,1,1,9977,15088,60.195492,2,0=9977; 1=15088
method_is_post,method,binaria,normal,36000,36000,0,100,0,1,0.222222,0,0.41574,0,0,0,0,1,1,28000,8000,22.222222,2,0=28000; 1=8000
method_is_post,method,binaria,anomalo,25065,25065,0,100,0,1,0.382206,0,0.485927,0,0,0,1,1,1,15485,9580,38.220626,2,0=15485; 1=9580
method_is_put,method,binaria,normal,36000,36000,0,100,0,0,0,0,0,0,0,0,0,0,0,36000,0,0,1,0=36000
method_is_put,method,binaria,anomalo,25065,25065,0,100,0,1,0.015839,0,0.124852,0,0,0,0,0,1,24668,397,1.583882,2,0=24668; 1=397
method_is_other,method,binaria,normal,36000,36000,0,100,0,0,0,0,0,0,0,0,0,0,0,36000,0,0,1,0=36000
method_is_other,method,binaria,anomalo,25065,25065,0,100,0,0,0,0,0,0,0,0,0,0,0,25065,0,0,1,0=25065
http_version_is_1_0,url,binaria,normal,36000,36000,0,100,0,0,0,0,0,0,0,0,0,0,0,36000,0,0,1,0=36000
http_version_is_1_0,url,binaria,anomalo,25065,25065,0,100,0,0,0,0,0,0,0,0,0,0,0,25065,0,0,1,0=25065
http_version_is_1_1,url,binaria,normal,36000,36000,0,100,1,1,1,1,0,1,1,1,1,1,1,0,36000,100,1,1=36000
http_version_is_1_1,url,binaria,anomalo,25065,25065,0,100,1,1,1,1,0,1,1,1,1,1,1,0,25065,100,1,1=25065
http_version_is_2,url,binaria,normal,36000,36000,0,100,0,0,0,0,0,0,0,0,0,0,0,36000,0,0,1,0=36000
http_version_is_2,url,binaria,anomalo,25065,25065,0,100,0,0,0,0,0,0,0,0,0,0,0,25065,0,0,1,0=25065
http_version_is_other,url,binaria,normal,36000,36000,0,100,0,0,0,0,0,0,0,0,0,0,0,36000,0,0,1,0=36000
http_version_is_other,url,binaria,anomalo,25065,25065,0,100,0,0,0,0,0,0,0,0,0,0,0,25065,0,0,1,0=25065
url_length_raw,url,contagem,normal,36000,36000,0,100,39,358,69.985944,49.5,59.407623,39,44,48,58,288,316,0,36000,100,124,
url_length_raw,url,contagem,anomalo,25065,25065,0,100,22,886,97.611769,55,91.572522,26,40,48,113,314,375,0,25065,100,416,
url_length_decoded_once,url,contagem,normal,36000,36000,0,100,39,349,69.454056,49.5,57.626848,39,44,48,58,280,307,0,36000,100,118,
url_length_decoded_once,url,contagem,anomalo,25065,25065,0,100,22,662,93.806623,55,83.19883,26,40,48,105,305,348,0,25065,100,367,
url_percent_encoding_count,url,contagem,normal,36000,36000,0,100,0,12,0.265944,0,0.990845,0,0,0,0,3,5,32803,3197,8.880556,11,
url_percent_encoding_count,url,contagem,anomalo,25065,25065,0,100,0,114,1.902573,0,7.050863,0,0,0,1,10,19,17652,7413,29.575105,34,
url_invalid_percent_count,url,contagem,normal,36000,36000,0,100,0,0,0,0,0,0,0,0,0,0,0,36000,0,0,1,
url_invalid_percent_count,url,contagem,anomalo,25065,25065,0,100,0,0,0,0,0,0,0,0,0,0,0,25065,0,0,1,
url_non_ascii_count,url,contagem,normal,36000,36000,0,100,0,5,0.109861,0,0.457727,0,0,0,0,1,3,33484,2516,6.988889,6,
url_non_ascii_count,url,contagem,anomalo,25065,25065,0,100,0,6,0.206383,0,0.599401,0,0,0,0,1,3,21665,3400,13.564732,7,
url_control_char_count,url,contagem,normal,36000,36000,0,100,0,0,0,0,0,0,0,0,0,0,0,36000,0,0,1,
url_control_char_count,url,contagem,anomalo,25065,25065,0,100,0,0,0,0,0,0,0,0,0,0,0,25065,0,0,1,
url_alpha_ratio,url,continua,normal,36000,36000,0,100,0.669091,0.804878,0.733114,0.729167,0.025618,0.681818,0.681818,0.723404,0.742424,0.77193,0.804878,0,36000,100,não calculado,
url_alpha_ratio,url,continua,anomalo,25065,25065,0,100,0.233668,0.843373,0.714353,0.729167,0.066728,0.401032,0.590909,0.711409,0.741935,0.772152,0.807229,0,25065,100,não calculado,
url_digit_ratio,url,continua,normal,36000,36000,0,100,0.04878,0.173285,0.103601,0.104167,0.017697,0.054545,0.086207,0.096154,0.106383,0.136364,0.14539,0,36000,100,não calculado,
url_digit_ratio,url,continua,anomalo,25065,25065,0,100,0.033708,0.560976,0.116806,0.102564,0.065683,0.051282,0.060241,0.09434,0.114943,0.234775,0.45283,0,25065,100,não calculado,
url_special_ratio,url,continua,normal,36000,36000,0,100,0.124224,0.185841,0.163285,0.163265,0.011356,0.134146,0.140351,0.156863,0.170213,0.181818,0.181818,0,36000,100,não calculado,
url_special_ratio,url,continua,anomalo,25065,25065,0,100,0.108434,0.354167,0.168841,0.166667,0.026181,0.128571,0.138889,0.154098,0.174603,0.212766,0.283391,0,25065,100,não calculado,
url_entropy,url,continua,normal,36000,36000,0,100,4.060099,5.227464,4.371498,4.292525,0.223586,4.060099,4.161313,4.258353,4.363521,5.002348,5.112674,0,36000,100,não calculado,
url_entropy,url,continua,anomalo,25065,25065,0,100,3.481715,5.407986,4.500788,4.31908,0.333902,3.80872,4.118787,4.286792,4.750223,5.122409,5.234007,0,25065,100,não calculado,
url_max_repeat_run,url,contagem,normal,36000,36000,0,100,2,5,2.012472,2,0.120807,2,2,2,2,2,3,0,36000,100,4,
url_max_repeat_run,url,contagem,anomalo,25065,25065,0,100,2,4,2.02326,2,0.161708,2,2,2,2,2,3,0,25065,100,3,
url_sql_pattern_count,url,contagem,normal,36000,36000,0,100,0,1,0.000056,0,0.007453,0,0,0,0,0,0,35998,2,0.005556,2,
url_sql_pattern_count,url,contagem,anomalo,25065,25065,0,100,0,2,0.062916,0,0.309809,0,0,0,0,0,2,23952,1113,4.440455,3,
url_xss_pattern_count,url,contagem,normal,36000,36000,0,100,0,0,0,0,0,0,0,0,0,0,0,36000,0,0,1,
url_xss_pattern_count,url,contagem,anomalo,25065,25065,0,100,0,2,0.026092,0,0.219618,0,0,0,0,0,2,24697,368,1.468183,3,
url_traversal_pattern_count,url,contagem,normal,36000,36000,0,100,0,0,0,0,0,0,0,0,0,0,0,36000,0,0,1,
url_traversal_pattern_count,url,contagem,anomalo,25065,25065,0,100,0,0,0,0,0,0,0,0,0,0,0,25065,0,0,1,
url_shell_metachar_count,url,contagem,normal,36000,36000,0,100,0,13,0.945722,0,2.851237,0,0,0,0,12,12,31000,5000,13.888889,6,
url_shell_metachar_count,url,contagem,anomalo,25065,25065,0,100,0,17,2.008139,0,3.931674,0,0,0,2,12,14,17657,7408,29.555157,16,
path_length_raw,path,contagem,normal,36000,36000,0,100,18,37,28.416667,27,4.19242,18,23,26.75,29.25,37,37,0,36000,100,12,
path_length_raw,path,contagem,anomalo,25065,25065,0,100,1,66,29.066707,28,7.279105,1,19,27,31,42,55,0,25065,100,63,
path_length_decoded_once,path,contagem,normal,36000,36000,0,100,18,37,28.416667,27,4.19242,18,23,26.75,29.25,37,37,0,36000,100,12,
path_length_decoded_once,path,contagem,anomalo,25065,25065,0,100,1,66,29.066707,28,7.279105,1,19,27,31,42,55,0,25065,100,63,
path_percent_encoding_count,path,contagem,normal,36000,36000,0,100,0,0,0,0,0,0,0,0,0,0,0,36000,0,0,1,
path_percent_encoding_count,path,contagem,anomalo,25065,25065,0,100,0,0,0,0,0,0,0,0,0,0,0,25065,0,0,1,
path_invalid_percent_count,path,contagem,normal,36000,36000,0,100,0,0,0,0,0,0,0,0,0,0,0,36000,0,0,1,
path_invalid_percent_count,path,contagem,anomalo,25065,25065,0,100,0,0,0,0,0,0,0,0,0,0,0,25065,0,0,1,
path_non_ascii_count,path,contagem,normal,36000,36000,0,100,0,0,0,0,0,0,0,0,0,0,0,36000,0,0,1,
path_non_ascii_count,path,contagem,anomalo,25065,25065,0,100,0,0,0,0,0,0,0,0,0,0,0,25065,0,0,1,
path_control_char_count,path,contagem,normal,36000,36000,0,100,0,0,0,0,0,0,0,0,0,0,0,36000,0,0,1,
path_control_char_count,path,contagem,anomalo,25065,25065,0,100,0,0,0,0,0,0,0,0,0,0,0,25065,0,0,1,
path_alpha_ratio,path,continua,normal,36000,36000,0,100,0.73913,0.861111,0.815813,0.814815,0.028253,0.73913,0.73913,0.813034,0.829023,0.861111,0.861111,0,36000,100,não calculado,
path_alpha_ratio,path,continua,anomalo,25065,25065,0,100,0,0.933333,0.793765,0.814815,0.125039,0,0.6,0.807692,0.827586,0.861111,0.88,312,24753,98.755236,não calculado,
path_digit_ratio,path,continua,normal,36000,36000,0,100,0.027027,0.086957,0.03959,0.037037,0.015113,0.027027,0.027027,0.034195,0.037393,0.086957,0.086957,0,36000,100,não calculado,
path_digit_ratio,path,continua,anomalo,25065,25065,0,100,0,0.95,0.051662,0.035714,0.098396,0,0,0.032258,0.037037,0.083333,0.625,1736,23329,93.074008,não calculado,
path_special_ratio,path,continua,normal,36000,36000,0,100,0.111111,0.173913,0.144597,0.148148,0.014856,0.111111,0.111111,0.137931,0.149573,0.173913,0.173913,0,36000,100,não calculado,
path_special_ratio,path,continua,anomalo,25065,25065,0,100,0.05,1,0.154573,0.148148,0.092984,0.090909,0.111111,0.136364,0.15,0.195122,1,0,25065,100,não calculado,
path_entropy,path,continua,normal,36000,36000,0,100,3.555533,4.116265,3.939449,3.998527,0.152369,3.555533,3.614369,3.869331,4.060262,4.116265,4.116265,0,36000,100,não calculado,
path_entropy,path,continua,anomalo,25065,25065,0,100,0,4.803023,3.955701,4.018082,0.463456,0,3.550341,3.940351,4.078419,4.239094,4.55964,265,24800,98.942749,não calculado,
path_max_repeat_run,path,contagem,normal,36000,36000,0,100,1,2,1.083333,1,0.276385,1,1,1,1,2,2,0,36000,100,2,
path_max_repeat_run,path,contagem,anomalo,25065,25065,0,100,1,2,1.031638,1,0.175034,1,1,1,1,1,2,0,25065,100,2,
path_sql_pattern_count,path,contagem,normal,36000,36000,0,100,0,0,0,0,0,0,0,0,0,0,0,36000,0,0,1,
path_sql_pattern_count,path,contagem,anomalo,25065,25065,0,100,0,1,0.000519,0,0.022768,0,0,0,0,0,0,25052,13,0.051865,2,
path_xss_pattern_count,path,contagem,normal,36000,36000,0,100,0,0,0,0,0,0,0,0,0,0,0,36000,0,0,1,
path_xss_pattern_count,path,contagem,anomalo,25065,25065,0,100,0,0,0,0,0,0,0,0,0,0,0,25065,0,0,1,
path_traversal_pattern_count,path,contagem,normal,36000,36000,0,100,0,0,0,0,0,0,0,0,0,0,0,36000,0,0,1,
path_traversal_pattern_count,path,contagem,anomalo,25065,25065,0,100,0,0,0,0,0,0,0,0,0,0,0,25065,0,0,1,
path_shell_metachar_count,path,contagem,normal,36000,36000,0,100,0,0,0,0,0,0,0,0,0,0,0,36000,0,0,1,
path_shell_metachar_count,path,contagem,anomalo,25065,25065,0,100,0,0,0,0,0,0,0,0,0,0,0,25065,0,0,1,
query_length_raw,query,contagem,normal,36000,8000,28000,22.222222,4,307,91.56175,47.5,95.642859,4,4,29,110.5,264,277,0,8000,100,116,
query_length_raw,query,contagem,anomalo,25065,9609,15456,38.336326,4,836,122.947653,72,111.379572,5,6,41,243,301.6,402.84,0,9609,100,382,
query_length_decoded_once,query,contagem,normal,36000,8000,28000,22.222222,4,299,89.16825,47.5,92.462485,4,4,29,106.5,256,268,0,8000,100,108,
query_length_decoded_once,query,contagem,anomalo,25065,9609,15456,38.336326,4,611,113.021959,67,100.18908,5,5,39,235,279,349,0,9609,100,341,
query_percent_encoding_count,query,contagem,normal,36000,8000,28000,22.222222,0,12,1.19675,0,1.817702,0,0,0,2,5,7,4803,3197,39.9625,11,
query_percent_encoding_count,query,contagem,anomalo,25065,9609,15456,38.336326,0,114,4.962847,3,10.700123,0,0,1,6,15,23.92,2196,7413,77.146425,34,
query_invalid_percent_count,query,contagem,normal,36000,8000,28000,22.222222,0,0,0,0,0,0,0,0,0,0,0,8000,0,0,1,
query_invalid_percent_count,query,contagem,anomalo,25065,9609,15456,38.336326,0,0,0,0,0,0,0,0,0,0,0,9609,0,0,1,
query_non_ascii_count,query,contagem,normal,36000,8000,28000,22.222222,0,5,0.494375,0,0.867593,0,0,0,1,3,3,5484,2516,31.45,6,
query_non_ascii_count,query,contagem,anomalo,25065,9609,15456,38.336326,0,6,0.538349,0,0.870901,0,0,0,1,3,3,6209,3400,35.383495,7,
query_control_char_count,query,contagem,normal,36000,8000,28000,22.222222,0,0,0,0,0,0,0,0,0,0,0,8000,0,0,1,
query_control_char_count,query,contagem,anomalo,25065,9609,15456,38.336326,0,0,0,0,0,0,0,0,0,0,0,9609,0,0,1,
query_alpha_ratio,query,continua,normal,36000,8000,28000,22.222222,0.5,0.939394,0.743937,0.735294,0.117995,0.5,0.5,0.7125,0.823529,0.939394,0.939394,0,8000,100,não calculado,
query_alpha_ratio,query,continua,anomalo,25065,9609,15456,38.336326,0.166189,1,0.702969,0.717949,0.121016,0.266667,0.45098,0.677966,0.74359,0.888889,0.941176,0,9609,100,não calculado,
query_digit_ratio,query,continua,normal,36000,8000,28000,22.222222,0,0.25,0.107138,0.108108,0.072882,0,0,0.058824,0.141675,0.25,0.25,1000,7000,87.5,não calculado,
query_digit_ratio,query,continua,anomalo,25065,9609,15456,38.336326,0,0.512894,0.119496,0.119522,0.08325,0,0,0.065574,0.148649,0.261105,0.444444,702,8907,92.694349,não calculado,
query_special_ratio,query,continua,normal,36000,8000,28000,22.222222,0.030303,0.25,0.123706,0.125523,0.061223,0.030303,0.030303,0.087877,0.138462,0.25,0.25,0,8000,100,não calculado,
query_special_ratio,query,continua,anomalo,25065,9609,15456,38.336326,0,0.517241,0.152103,0.136364,0.074651,0.029412,0.055556,0.12037,0.166667,0.309524,0.454545,12,9597,99.875117,não calculado,
query_entropy,query,continua,normal,36000,8000,28000,22.222222,2,5.184253,3.98068,4.217563,0.926083,2,2,3.592188,4.72257,5.032334,5.094545,0,8000,100,não calculado,
query_entropy,query,continua,anomalo,25065,9609,15456,38.336326,1.918296,5.400552,4.362618,4.490427,0.732639,2.321928,2.321928,4.188855,4.950615,5.120326,5.222923,0,9609,100,não calculado,
query_max_repeat_run,query,contagem,normal,36000,8000,28000,22.222222,1,5,1.797125,2,0.53312,1,1,1,2,3,3,0,8000,100,5,
query_max_repeat_run,query,contagem,anomalo,25065,9609,15456,38.336326,1,4,1.842335,2,0.512731,1,1,2,2,3,3,0,9609,100,4,
query_sql_pattern_count,query,contagem,normal,36000,8000,28000,22.222222,0,1,0.00025,0,0.015809,0,0,0,0,0,0,7998,2,0.025,2,
query_sql_pattern_count,query,contagem,anomalo,25065,9609,15456,38.336326,0,4,0.206057,0,0.605247,0,0,0,0,1,4,8297,1312,13.653866,4,
query_xss_pattern_count,query,contagem,normal,36000,8000,28000,22.222222,0,0,0,0,0,0,0,0,0,0,0,8000,0,0,1,
query_xss_pattern_count,query,contagem,anomalo,25065,9609,15456,38.336326,0,2,0.068061,0,0.350651,0,0,0,0,0,2,9241,368,3.829743,3,
query_traversal_pattern_count,query,contagem,normal,36000,8000,28000,22.222222,0,0,0,0,0,0,0,0,0,0,0,8000,0,0,1,
query_traversal_pattern_count,query,contagem,anomalo,25065,9609,15456,38.336326,0,0,0,0,0,0,0,0,0,0,0,9609,0,0,1,
query_shell_metachar_count,query,contagem,normal,36000,8000,28000,22.222222,0,13,4.25575,3,4.743031,0,0,0,6.75,12,12,3000,5000,62.5,6,
query_shell_metachar_count,query,contagem,anomalo,25065,9609,15456,38.336326,0,17,5.238214,4,4.837603,0,0,2,12,12,15,2201,7408,77.094391,16,
body_length_raw,body,contagem,normal,36000,8000,28000,22.222222,4,307,91.56175,47.5,95.642859,4,4,29,110.5,264,277,0,8000,100,116,
body_length_raw,body,contagem,anomalo,25065,9977,15088,39.804508,4,836,122.054024,72,111.019695,5,5,41,243,299,392.68,0,9977,100,382,
body_length_decoded_once,body,contagem,normal,36000,8000,28000,22.222222,4,299,89.16825,47.5,92.462485,4,4,29,106.5,256,268,0,8000,100,108,
body_length_decoded_once,body,contagem,anomalo,25065,9977,15088,39.804508,4,611,112.388794,66,100.052047,5,5,39,235,278,349,0,9977,100,341,
body_percent_encoding_count,body,contagem,normal,36000,8000,28000,22.222222,0,12,1.19675,0,1.817702,0,0,0,2,5,7,4803,3197,39.9625,11,
body_percent_encoding_count,body,contagem,anomalo,25065,9977,15088,39.804508,0,114,4.832615,2,10.528428,0,0,1,6,15,23,2389,7588,76.054926,34,
body_invalid_percent_count,body,contagem,normal,36000,8000,28000,22.222222,0,0,0,0,0,0,0,0,0,0,0,8000,0,0,1,
body_invalid_percent_count,body,contagem,anomalo,25065,9977,15088,39.804508,0,0,0,0,0,0,0,0,0,0,0,9977,0,0,1,
body_non_ascii_count,body,contagem,normal,36000,8000,28000,22.222222,0,5,0.494375,0,0.867593,0,0,0,1,3,3,5484,2516,31.45,6,
body_non_ascii_count,body,contagem,anomalo,25065,9977,15088,39.804508,0,6,0.53934,0,0.871221,0,0,0,1,3,3,6438,3539,35.471585,7,
body_control_char_count,body,contagem,normal,36000,8000,28000,22.222222,0,0,0,0,0,0,0,0,0,0,0,8000,0,0,1,
body_control_char_count,body,contagem,anomalo,25065,9977,15088,39.804508,0,0,0,0,0,0,0,0,0,0,0,9977,0,0,1,
body_alpha_ratio,body,continua,normal,36000,8000,28000,22.222222,0.5,0.939394,0.743937,0.735294,0.117995,0.5,0.5,0.7125,0.823529,0.939394,0.939394,0,8000,100,não calculado,
body_alpha_ratio,body,continua,anomalo,25065,9977,15088,39.804508,0.166189,0.941176,0.703888,0.717949,0.12061,0.266667,0.451613,0.68,0.744186,0.911765,0.941176,0,9977,100,não calculado,
body_digit_ratio,body,continua,normal,36000,8000,28000,22.222222,0,0.25,0.107138,0.108108,0.072882,0,0,0.058824,0.141675,0.25,0.25,1000,7000,87.5,não calculado,
body_digit_ratio,body,continua,anomalo,25065,9977,15088,39.804508,0,0.512894,0.119328,0.119231,0.082787,0,0,0.065574,0.148305,0.251181,0.444444,731,9246,92.673148,não calculado,
body_special_ratio,body,continua,normal,36000,8000,28000,22.222222,0.030303,0.25,0.123706,0.125523,0.061223,0.030303,0.030303,0.087877,0.138462,0.25,0.25,0,8000,100,não calculado,
body_special_ratio,body,continua,anomalo,25065,9977,15088,39.804508,0.029412,0.517241,0.151311,0.136364,0.074178,0.029412,0.055556,0.120141,0.166667,0.305556,0.454545,0,9977,100,não calculado,
body_entropy,body,continua,normal,36000,8000,28000,22.222222,2,5.184253,3.98068,4.217563,0.926083,2,2,3.592188,4.72257,5.032334,5.094545,0,8000,100,não calculado,
body_entropy,body,continua,anomalo,25065,9977,15088,39.804508,1.918296,5.400552,4.351985,4.482289,0.7422,2,2.321928,4.179776,4.949547,5.117296,5.220534,0,9977,100,não calculado,
body_max_repeat_run,body,contagem,normal,36000,8000,28000,22.222222,1,5,1.797125,2,0.53312,1,1,1,2,3,3,0,8000,100,5,
body_max_repeat_run,body,contagem,anomalo,25065,9977,15088,39.804508,1,4,1.843841,2,0.512127,1,1,2,2,3,3,0,9977,100,4,
body_sql_pattern_count,body,contagem,normal,36000,8000,28000,22.222222,0,1,0.00025,0,0.015809,0,0,0,0,0,0,7998,2,0.025,2,
body_sql_pattern_count,body,contagem,anomalo,25065,9977,15088,39.804508,0,4,0.198456,0,0.595248,0,0,0,0,1,4,8665,1312,13.150246,4,
body_xss_pattern_count,body,contagem,normal,36000,8000,28000,22.222222,0,0,0,0,0,0,0,0,0,0,0,8000,0,0,1,
body_xss_pattern_count,body,contagem,anomalo,25065,9977,15088,39.804508,0,2,0.065551,0,0.344363,0,0,0,0,0,2,9609,368,3.688484,3,
body_traversal_pattern_count,body,contagem,normal,36000,8000,28000,22.222222,0,0,0,0,0,0,0,0,0,0,0,8000,0,0,1,
body_traversal_pattern_count,body,contagem,anomalo,25065,9977,15088,39.804508,0,0,0,0,0,0,0,0,0,0,0,9977,0,0,1,
body_shell_metachar_count,body,contagem,normal,36000,8000,28000,22.222222,0,13,4.25575,3,4.743031,0,0,0,6.75,12,12,3000,5000,62.5,6,
body_shell_metachar_count,body,contagem,anomalo,25065,9977,15088,39.804508,0,17,5.225218,4,4.833718,0,0,2,12,12,15,2308,7669,76.866794,16,
url_is_absolute,url,binaria,normal,36000,36000,0,100,1,1,1,1,0,1,1,1,1,1,1,0,36000,100,1,1=36000
url_is_absolute,url,binaria,anomalo,25065,25065,0,100,1,1,1,1,0,1,1,1,1,1,1,0,25065,100,1,1=25065
url_parse_error,url,binaria,normal,36000,36000,0,100,0,0,0,0,0,0,0,0,0,0,0,36000,0,0,1,0=36000
url_parse_error,url,binaria,anomalo,25065,25065,0,100,0,0,0,0,0,0,0,0,0,0,0,25065,0,0,1,0=25065
url_scheme_is_http,url,binaria,normal,36000,36000,0,100,1,1,1,1,0,1,1,1,1,1,1,0,36000,100,1,1=36000
url_scheme_is_http,url,binaria,anomalo,25065,25065,0,100,1,1,1,1,0,1,1,1,1,1,1,0,25065,100,1,1=25065
url_scheme_is_https,url,binaria,normal,36000,36000,0,100,0,0,0,0,0,0,0,0,0,0,0,36000,0,0,1,0=36000
url_scheme_is_https,url,binaria,anomalo,25065,25065,0,100,0,0,0,0,0,0,0,0,0,0,0,25065,0,0,1,0=25065
url_scheme_is_other,url,binaria,normal,36000,36000,0,100,0,0,0,0,0,0,0,0,0,0,0,36000,0,0,1,0=36000
url_scheme_is_other,url,binaria,anomalo,25065,25065,0,100,0,0,0,0,0,0,0,0,0,0,0,25065,0,0,1,0=25065
url_scheme_missing,url,binaria,normal,36000,36000,0,100,0,0,0,0,0,0,0,0,0,0,0,36000,0,0,1,0=36000
url_scheme_missing,url,binaria,anomalo,25065,25065,0,100,0,0,0,0,0,0,0,0,0,0,0,25065,0,0,1,0=25065
url_host_present,url,binaria,normal,36000,36000,0,100,1,1,1,1,0,1,1,1,1,1,1,0,36000,100,1,1=36000
url_host_present,url,binaria,anomalo,25065,25065,0,100,1,1,1,1,0,1,1,1,1,1,1,0,25065,100,1,1=25065
url_host_length,url,contagem,normal,36000,36000,0,100,9,9,9,9,0,9,9,9,9,9,9,0,36000,100,1,
url_host_length,url,contagem,anomalo,25065,25065,0,100,9,9,9,9,0,9,9,9,9,9,9,0,25065,100,1,
url_host_label_count,url,contagem,normal,36000,36000,0,100,1,1,1,1,0,1,1,1,1,1,1,0,36000,100,1,
url_host_label_count,url,contagem,anomalo,25065,25065,0,100,1,1,1,1,0,1,1,1,1,1,1,0,25065,100,1,
url_host_is_ip,url,binaria,normal,36000,36000,0,100,0,0,0,0,0,0,0,0,0,0,0,36000,0,0,1,0=36000
url_host_is_ip,url,binaria,anomalo,25065,25065,0,100,0,0,0,0,0,0,0,0,0,0,0,25065,0,0,1,0=25065
url_host_non_ascii_count,url,contagem,normal,36000,36000,0,100,0,0,0,0,0,0,0,0,0,0,0,36000,0,0,1,
url_host_non_ascii_count,url,contagem,anomalo,25065,25065,0,100,0,0,0,0,0,0,0,0,0,0,0,25065,0,0,1,
url_userinfo_present,url,binaria,normal,36000,36000,0,100,0,0,0,0,0,0,0,0,0,0,0,36000,0,0,1,0=36000
url_userinfo_present,url,binaria,anomalo,25065,25065,0,100,0,0,0,0,0,0,0,0,0,0,0,25065,0,0,1,0=25065
url_port_present,url,binaria,normal,36000,36000,0,100,1,1,1,1,0,1,1,1,1,1,1,0,36000,100,1,1=36000
url_port_present,url,binaria,anomalo,25065,25065,0,100,1,1,1,1,0,1,1,1,1,1,1,0,25065,100,1,1=25065
url_port_valid,url,binaria,normal,36000,36000,0,100,1,1,1,1,0,1,1,1,1,1,1,0,36000,100,1,1=36000
url_port_valid,url,binaria,anomalo,25065,25065,0,100,0,1,0.990784,1,0.095557,1,1,1,1,1,1,231,24834,99.078396,2,0=231; 1=24834
url_port_value,url,contagem,normal,36000,36000,0,100,8080,8080,8080,8080,0,8080,8080,8080,8080,8080,8080,0,36000,100,1,
url_port_value,url,contagem,anomalo,25065,24834,231,99.078396,8080,8080,8080,8080,0,8080,8080,8080,8080,8080,8080,0,24834,100,1,
url_port_is_standard,url,binaria,normal,36000,36000,0,100,0,0,0,0,0,0,0,0,0,0,0,36000,0,0,1,0=36000
url_port_is_standard,url,binaria,anomalo,25065,24834,231,99.078396,0,0,0,0,0,0,0,0,0,0,0,24834,0,0,1,0=24834
url_fragment_present,url,binaria,normal,36000,36000,0,100,0,0,0,0,0,0,0,0,0,0,0,36000,0,0,1,0=36000
url_fragment_present,url,binaria,anomalo,25065,25065,0,100,0,0,0,0,0,0,0,0,0,0,0,25065,0,0,1,0=25065
path_segment_count,path,contagem,normal,36000,36000,0,100,2,4,3.055556,3,0.328671,2,3,3,3,4,4,0,36000,100,3,
path_segment_count,path,contagem,anomalo,25065,25065,0,100,0,6,2.928466,3,0.622112,0,2,3,3,4,5,265,24800,98.942749,7,
path_depth,path,contagem,normal,36000,36000,0,100,2,4,3.055556,3,0.328671,2,3,3,3,4,4,0,36000,100,3,
path_depth,path,contagem,anomalo,25065,25065,0,100,0,6,2.928466,3,0.622112,0,2,3,3,4,5,265,24800,98.942749,7,
path_empty_inner_segment_count,path,contagem,normal,36000,36000,0,100,0,0,0,0,0,0,0,0,0,0,0,36000,0,0,1,
path_empty_inner_segment_count,path,contagem,anomalo,25065,25065,0,100,0,1,0.000678,0,0.026034,0,0,0,0,0,0,25048,17,0.067824,2,
path_double_slash_count,path,contagem,normal,36000,36000,0,100,0,0,0,0,0,0,0,0,0,0,0,36000,0,0,1,
path_double_slash_count,path,contagem,anomalo,25065,25065,0,100,0,1,0.000678,0,0.026034,0,0,0,0,0,0,25048,17,0.067824,2,
path_dot_segment_count,path,contagem,normal,36000,36000,0,100,0,0,0,0,0,0,0,0,0,0,0,36000,0,0,1,
path_dot_segment_count,path,contagem,anomalo,25065,25065,0,100,0,0,0,0,0,0,0,0,0,0,0,25065,0,0,1,
path_segments_with_dot_count,path,contagem,normal,36000,36000,0,100,1,1,1,1,0,1,1,1,1,1,1,0,36000,100,1,
path_segments_with_dot_count,path,contagem,anomalo,25065,25065,0,100,0,3,1.014722,1,0.307469,0,1,1,1,1,2,880,24185,96.489128,4,
path_extension_like_segment_count,path,contagem,normal,36000,36000,0,100,1,1,1,1,0,1,1,1,1,1,1,0,36000,100,1,
path_extension_like_segment_count,path,contagem,anomalo,25065,25065,0,100,0,3,1.014722,1,0.307469,0,1,1,1,1,2,880,24185,96.489128,4,
path_max_extensions_in_segment,path,contagem,normal,36000,36000,0,100,1,1,1,1,0,1,1,1,1,1,1,0,36000,100,1,
path_max_extensions_in_segment,path,contagem,anomalo,25065,25065,0,100,0,2,1.008298,1,0.280084,0,1,1,1,1,2,880,24185,96.489128,3,
path_hidden_segment_count,path,contagem,normal,36000,36000,0,100,0,0,0,0,0,0,0,0,0,0,0,36000,0,0,1,
path_hidden_segment_count,path,contagem,anomalo,25065,25065,0,100,0,1,0.017115,0,0.129702,0,0,0,0,0,1,24636,429,1.71155,2,
path_nested_extension_transition,path,binaria,normal,36000,36000,0,100,0,0,0,0,0,0,0,0,0,0,0,36000,0,0,1,0=36000
path_nested_extension_transition,path,binaria,anomalo,25065,25065,0,100,0,1,0.044923,0,0.207135,0,0,0,0,0,1,23939,1126,4.49232,2,0=23939; 1=1126
path_max_segment_length,path,contagem,normal,36000,36000,0,100,8,19,10.861111,10,2.730006,8,8,9,12,19,19,0,36000,100,9,
path_max_segment_length,path,contagem,anomalo,25065,25065,0,100,0,29,12.26152,10,4.04518,0,9,10,14,19,24,265,24800,98.942749,25,
path_trailing_slash,path,binaria,normal,36000,36000,0,100,0,0,0,0,0,0,0,0,0,0,0,36000,0,0,1,0=36000
path_trailing_slash,path,binaria,anomalo,25065,25065,0,100,0,1,0.030122,0,0.170922,0,0,0,0,0,1,24310,755,3.012168,2,0=24310; 1=755
path_backslash_count,path,contagem,normal,36000,36000,0,100,0,0,0,0,0,0,0,0,0,0,0,36000,0,0,1,
path_backslash_count,path,contagem,anomalo,25065,25065,0,100,0,0,0,0,0,0,0,0,0,0,0,25065,0,0,1,
query_present,query,binaria,normal,36000,36000,0,100,0,1,0.222222,0,0.41574,0,0,0,0,1,1,28000,8000,22.222222,2,0=28000; 1=8000
query_present,query,binaria,anomalo,25065,25065,0,100,0,1,0.383363,0,0.486206,0,0,0,1,1,1,15456,9609,38.336326,2,0=15456; 1=9609
query_parameter_count,query,contagem,normal,36000,8000,28000,22.222222,1,13,5.25,4,4.736824,1,1,1,7,13,13,0,8000,100,4,
query_parameter_count,query,contagem,anomalo,25065,9609,15456,38.336326,1,13,5.824852,5,4.763992,1,1,1,13,13,13,0,9609,100,4,
query_distinct_parameter_name_count,query,contagem,normal,36000,8000,28000,22.222222,1,13,5.25,4,4.736824,1,1,1,7,13,13,0,8000,100,4,
query_distinct_parameter_name_count,query,contagem,anomalo,25065,9609,15456,38.336326,1,13,5.824852,5,4.763992,1,1,1,13,13,13,0,9609,100,4,
query_repeated_parameter_count,query,contagem,normal,36000,8000,28000,22.222222,0,0,0,0,0,0,0,0,0,0,0,8000,0,0,1,
query_repeated_parameter_count,query,contagem,anomalo,25065,9609,15456,38.336326,0,0,0,0,0,0,0,0,0,0,0,9609,0,0,1,
query_empty_name_count,query,contagem,normal,36000,8000,28000,22.222222,0,0,0,0,0,0,0,0,0,0,0,8000,0,0,1,
query_empty_name_count,query,contagem,anomalo,25065,9609,15456,38.336326,0,0,0,0,0,0,0,0,0,0,0,9609,0,0,1,
query_empty_value_count,query,contagem,normal,36000,8000,28000,22.222222,0,0,0,0,0,0,0,0,0,0,0,8000,0,0,1,
query_empty_value_count,query,contagem,anomalo,25065,9609,15456,38.336326,0,1,0.001249,0,0.035317,0,0,0,0,0,0,9597,12,0.124883,2,
query_without_equals_count,query,contagem,normal,36000,8000,28000,22.222222,0,0,0,0,0,0,0,0,0,0,0,8000,0,0,1,
query_without_equals_count,query,contagem,anomalo,25065,9609,15456,38.336326,0,1,0.001249,0,0.035317,0,0,0,0,0,0,9597,12,0.124883,2,
query_mean_name_length,query,continua,normal,36000,8000,28000,22.222222,2,8,4.515385,4.6,1.835321,2,2,3.5,5.461538,8,8,0,8000,100,não calculado,
query_mean_name_length,query,continua,anomalo,25065,9609,15456,38.336326,2,10,4.76035,4.8,1.626213,2,2,4,5.461538,8,9,0,9609,100,não calculado,
query_max_name_length,query,contagem,normal,36000,8000,28000,22.222222,2,9,6.5,8,2.738613,2,2,5,8.25,9,9,0,8000,100,4,
query_max_name_length,query,contagem,anomalo,25065,9609,15456,38.336326,2,10,7.024873,8,2.443174,2,2,6,9,9,10,0,9609,100,8,
query_mean_value_length,query,continua,normal,36000,8000,28000,22.222222,1,24,10.328172,8.833333,6.427254,1,1,6.4,14,24,24,0,8000,100,não calculado,
query_mean_value_length,query,continua,anomalo,25065,9609,15456,38.336326,0,370,16.589099,11.230769,26.707628,1,1,7,15,52,88,12,9597,99.875117,não calculado,
query_max_value_length,query,contagem,normal,36000,8000,28000,22.222222,1,64,16.637,16,9.686097,1,1,9,24,33,40,0,8000,100,54,
query_max_value_length,query,contagem,anomalo,25065,9609,15456,38.336326,0,370,29.037881,21,36.424116,1,1,14,33,68,145.84,12,9597,99.875117,129,
query_total_value_length,query,contagem,normal,36000,8000,28000,22.222222,1,203,53.16825,26,56.70773,1,1,17,59.25,160,172,0,8000,100,102,
query_total_value_length,query,contagem,anomalo,25065,9609,15456,38.336326,0,515,72.461963,36,68.084136,1,1,24,140,183,262.92,12,9597,99.875117,286,
body_present,body,binaria,normal,36000,36000,0,100,0,1,0.222222,0,0.41574,0,0,0,0,1,1,28000,8000,22.222222,2,0=28000; 1=8000
body_present,body,binaria,anomalo,25065,25065,0,100,0,1,0.398045,0,0.489495,0,0,0,1,1,1,15088,9977,39.804508,2,0=15088; 1=9977
body_parameter_count,body,contagem,normal,36000,8000,28000,22.222222,1,13,5.25,4,4.736824,1,1,1,7,13,13,0,8000,100,4,
body_parameter_count,body,contagem,anomalo,25065,9977,15088,39.804508,1,13,5.826902,5,4.762012,1,1,1,13,13,13,0,9977,100,4,
body_distinct_parameter_name_count,body,contagem,normal,36000,8000,28000,22.222222,1,13,5.25,4,4.736824,1,1,1,7,13,13,0,8000,100,4,
body_distinct_parameter_name_count,body,contagem,anomalo,25065,9977,15088,39.804508,1,13,5.826902,5,4.762012,1,1,1,13,13,13,0,9977,100,4,
body_repeated_parameter_count,body,contagem,normal,36000,8000,28000,22.222222,0,0,0,0,0,0,0,0,0,0,0,8000,0,0,1,
body_repeated_parameter_count,body,contagem,anomalo,25065,9977,15088,39.804508,0,0,0,0,0,0,0,0,0,0,0,9977,0,0,1,
body_empty_name_count,body,contagem,normal,36000,8000,28000,22.222222,0,0,0,0,0,0,0,0,0,0,0,8000,0,0,1,
body_empty_name_count,body,contagem,anomalo,25065,9977,15088,39.804508,0,0,0,0,0,0,0,0,0,0,0,9977,0,0,1,
body_empty_value_count,body,contagem,normal,36000,8000,28000,22.222222,0,0,0,0,0,0,0,0,0,0,0,8000,0,0,1,
body_empty_value_count,body,contagem,anomalo,25065,9977,15088,39.804508,0,0,0,0,0,0,0,0,0,0,0,9977,0,0,1,
body_without_equals_count,body,contagem,normal,36000,8000,28000,22.222222,0,0,0,0,0,0,0,0,0,0,0,8000,0,0,1,
body_without_equals_count,body,contagem,anomalo,25065,9977,15088,39.804508,0,0,0,0,0,0,0,0,0,0,0,9977,0,0,1,
body_mean_name_length,body,continua,normal,36000,8000,28000,22.222222,2,8,4.515385,4.6,1.835321,2,2,3.5,5.461538,8,8,0,8000,100,não calculado,
body_mean_name_length,body,continua,anomalo,25065,9977,15088,39.804508,2,9,4.742803,4.8,1.625505,2,2,4,5.461538,8,9,0,9977,100,não calculado,
body_max_name_length,body,contagem,normal,36000,8000,28000,22.222222,2,9,6.5,8,2.738613,2,2,5,8.25,9,9,0,8000,100,4,
body_max_name_length,body,contagem,anomalo,25065,9977,15088,39.804508,2,10,7.009121,8,2.457215,2,2,6,9,9,10,0,9977,100,7,
body_mean_value_length,body,continua,normal,36000,8000,28000,22.222222,1,24,10.328172,8.833333,6.427254,1,1,6.4,14,24,24,0,8000,100,não calculado,
body_mean_value_length,body,continua,anomalo,25065,9977,15088,39.804508,1,370,16.234025,11.153846,26.133522,1,1,7,14.692308,51,88,0,9977,100,não calculado,
body_max_value_length,body,contagem,normal,36000,8000,28000,22.222222,1,64,16.637,16,9.686097,1,1,9,24,33,40,0,8000,100,54,
body_max_value_length,body,contagem,anomalo,25065,9977,15088,39.804508,1,370,28.484715,21,35.803771,1,1,14,33,67,143,0,9977,100,128,
body_total_value_length,body,contagem,normal,36000,8000,28000,22.222222,1,203,53.16825,26,56.70773,1,1,17,59.25,160,172,0,8000,100,102,
body_total_value_length,body,contagem,anomalo,25065,9977,15088,39.804508,1,515,71.838228,36,67.817925,1,1,24,139,182,258.72,0,9977,100,285,
header_has_accept,headers,binaria,normal,36000,36000,0,100,1,1,1,1,0,1,1,1,1,1,1,0,36000,100,1,1=36000
header_has_accept,headers,binaria,anomalo,25065,25065,0,100,1,1,1,1,0,1,1,1,1,1,1,0,25065,100,1,1=25065
header_has_accept_charset,headers,binaria,normal,36000,36000,0,100,1,1,1,1,0,1,1,1,1,1,1,0,36000,100,1,1=36000
header_has_accept_charset,headers,binaria,anomalo,25065,25065,0,100,1,1,1,1,0,1,1,1,1,1,1,0,25065,100,1,1=25065
header_has_accept_encoding,headers,binaria,normal,36000,36000,0,100,1,1,1,1,0,1,1,1,1,1,1,0,36000,100,1,1=36000
header_has_accept_encoding,headers,binaria,anomalo,25065,25065,0,100,1,1,1,1,0,1,1,1,1,1,1,0,25065,100,1,1=25065
header_has_accept_language,headers,binaria,normal,36000,36000,0,100,1,1,1,1,0,1,1,1,1,1,1,0,36000,100,1,1=36000
header_has_accept_language,headers,binaria,anomalo,25065,25065,0,100,1,1,1,1,0,1,1,1,1,1,1,0,25065,100,1,1=25065
header_has_cache_control,headers,binaria,normal,36000,36000,0,100,1,1,1,1,0,1,1,1,1,1,1,0,36000,100,1,1=36000
header_has_cache_control,headers,binaria,anomalo,25065,25065,0,100,1,1,1,1,0,1,1,1,1,1,1,0,25065,100,1,1=25065
header_has_connection,headers,binaria,normal,36000,36000,0,100,1,1,1,1,0,1,1,1,1,1,1,0,36000,100,1,1=36000
header_has_connection,headers,binaria,anomalo,25065,25065,0,100,1,1,1,1,0,1,1,1,1,1,1,0,25065,100,1,1=25065
header_has_content_length,headers,binaria,normal,36000,36000,0,100,0,1,0.222222,0,0.41574,0,0,0,0,1,1,28000,8000,22.222222,2,0=28000; 1=8000
header_has_content_length,headers,binaria,anomalo,25065,25065,0,100,0,1,0.398045,0,0.489495,0,0,0,1,1,1,15088,9977,39.804508,2,0=15088; 1=9977
header_has_content_type,headers,binaria,normal,36000,36000,0,100,0,1,0.222222,0,0.41574,0,0,0,0,1,1,28000,8000,22.222222,2,0=28000; 1=8000
header_has_content_type,headers,binaria,anomalo,25065,25065,0,100,0,1,0.398045,0,0.489495,0,0,0,1,1,1,15088,9977,39.804508,2,0=15088; 1=9977
header_has_cookie,headers,binaria,normal,36000,36000,0,100,1,1,1,1,0,1,1,1,1,1,1,0,36000,100,1,1=36000
header_has_cookie,headers,binaria,anomalo,25065,25065,0,100,1,1,1,1,0,1,1,1,1,1,1,0,25065,100,1,1=25065
header_has_host,headers,binaria,normal,36000,36000,0,100,1,1,1,1,0,1,1,1,1,1,1,0,36000,100,1,1=36000
header_has_host,headers,binaria,anomalo,25065,25065,0,100,1,1,1,1,0,1,1,1,1,1,1,0,25065,100,1,1=25065
header_has_pragma,headers,binaria,normal,36000,36000,0,100,1,1,1,1,0,1,1,1,1,1,1,0,36000,100,1,1=36000
header_has_pragma,headers,binaria,anomalo,25065,25065,0,100,1,1,1,1,0,1,1,1,1,1,1,0,25065,100,1,1=25065
header_has_user_agent,headers,binaria,normal,36000,36000,0,100,1,1,1,1,0,1,1,1,1,1,1,0,36000,100,1,1=36000
header_has_user_agent,headers,binaria,anomalo,25065,25065,0,100,1,1,1,1,0,1,1,1,1,1,1,0,25065,100,1,1=25065
header_unique_count,headers,contagem,normal,36000,36000,0,100,10,12,10.444444,10,0.831479,10,10,10,10,12,12,0,36000,100,2,
header_unique_count,headers,contagem,anomalo,25065,25065,0,100,10,12,10.79609,10,0.97899,10,10,10,12,12,12,0,25065,100,2,
header_value_count,headers,contagem,normal,36000,36000,0,100,10,12,10.444444,10,0.831479,10,10,10,10,12,12,0,36000,100,2,
header_value_count,headers,contagem,anomalo,25065,25065,0,100,10,12,10.79609,10,0.97899,10,10,10,12,12,12,0,25065,100,2,
header_duplicate_count,headers,contagem,normal,36000,36000,0,100,0,0,0,0,0,0,0,0,0,0,0,36000,0,0,1,
header_duplicate_count,headers,contagem,anomalo,25065,25065,0,100,0,0,0,0,0,0,0,0,0,0,0,25065,0,0,1,
content_type_is_form_urlencoded,headers,binaria,normal,36000,8000,28000,22.222222,1,1,1,1,0,1,1,1,1,1,1,0,8000,100,1,1=8000
content_type_is_form_urlencoded,headers,binaria,anomalo,25065,9977,15088,39.804508,1,1,1,1,0,1,1,1,1,1,1,0,9977,100,1,1=9977
content_length_valid,headers,binaria,normal,36000,8000,28000,22.222222,1,1,1,1,0,1,1,1,1,1,1,0,8000,100,1,1=8000
content_length_valid,headers,binaria,anomalo,25065,9977,15088,39.804508,1,1,1,1,0,1,1,1,1,1,1,0,9977,100,1,1=9977
content_length_declared,headers,contagem,normal,36000,8000,28000,22.222222,4,307,91.56175,47.5,95.642859,4,4,29,110.5,264,277,0,8000,100,116,
content_length_declared,headers,contagem,anomalo,25065,9977,15088,39.804508,4,836,122.054024,72,111.019695,5,5,41,243,299,392.68,0,9977,100,382,
body_length_bytes,headers,contagem,normal,36000,36000,0,100,0,307,20.347056,0,59.006776,0,0,0,0,237,265,28000,8000,22.222222,117,
body_length_bytes,headers,contagem,anomalo,25065,25065,0,100,0,836,48.583004,0,92.062462,0,0,0,62,264,324,15088,9977,39.804508,383,
content_length_delta,headers,contagem_assinada,normal,36000,8000,28000,22.222222,0,0,0,0,0,0,0,0,0,0,0,8000,0,0,1,
content_length_delta,headers,contagem_assinada,anomalo,25065,9977,15088,39.804508,0,0,0,0,0,0,0,0,0,0,0,9977,0,0,1,
content_length_matches_body,headers,binaria,normal,36000,8000,28000,22.222222,1,1,1,1,0,1,1,1,1,1,1,0,8000,100,1,1=8000
content_length_matches_body,headers,binaria,anomalo,25065,9977,15088,39.804508,1,1,1,1,0,1,1,1,1,1,1,0,9977,100,1,1=9977
user_agent_length,headers,contagem,normal,36000,36000,0,100,71,71,71,71,0,71,71,71,71,71,71,0,36000,100,1,
user_agent_length,headers,contagem,anomalo,25065,25065,0,100,71,71,71,71,0,71,71,71,71,71,71,0,25065,100,1,
user_agent_token_count,headers,contagem,normal,36000,36000,0,100,7,7,7,7,0,7,7,7,7,7,7,0,36000,100,1,
user_agent_token_count,headers,contagem,anomalo,25065,25065,0,100,7,7,7,7,0,7,7,7,7,7,7,0,25065,100,1,
user_agent_parenthesis_count,headers,contagem,normal,36000,36000,0,100,4,4,4,4,0,4,4,4,4,4,4,0,36000,100,1,
user_agent_parenthesis_count,headers,contagem,anomalo,25065,25065,0,100,4,4,4,4,0,4,4,4,4,4,4,0,25065,100,1,
host_header_length,headers,contagem,normal,36000,36000,0,100,14,14,14,14,0,14,14,14,14,14,14,0,36000,100,1,
host_header_length,headers,contagem,anomalo,25065,25065,0,100,14,14,14,14,0,14,14,14,14,14,14,0,25065,100,1,
host_header_port_present,headers,binaria,normal,36000,36000,0,100,1,1,1,1,0,1,1,1,1,1,1,0,36000,100,1,1=36000
host_header_port_present,headers,binaria,anomalo,25065,25065,0,100,1,1,1,1,0,1,1,1,1,1,1,0,25065,100,1,1=25065
host_header_port_valid,headers,binaria,normal,36000,36000,0,100,1,1,1,1,0,1,1,1,1,1,1,0,36000,100,1,1=36000
host_header_port_valid,headers,binaria,anomalo,25065,25065,0,100,1,1,1,1,0,1,1,1,1,1,1,0,25065,100,1,1=25065
host_matches_url_host,headers,binaria,normal,36000,36000,0,100,1,1,1,1,0,1,1,1,1,1,1,0,36000,100,1,1=36000
host_matches_url_host,headers,binaria,anomalo,25065,25065,0,100,1,1,1,1,0,1,1,1,1,1,1,0,25065,100,1,1=25065
cookie_length,headers,contagem,normal,36000,36000,0,100,43,43,43,43,0,43,43,43,43,43,43,0,36000,100,1,
cookie_length,headers,contagem,anomalo,25065,25065,0,100,43,43,43,43,0,43,43,43,43,43,43,0,25065,100,1,
cookie_pair_count,headers,contagem,normal,36000,36000,0,100,1,1,1,1,0,1,1,1,1,1,1,0,36000,100,1,
cookie_pair_count,headers,contagem,anomalo,25065,25065,0,100,1,1,1,1,0,1,1,1,1,1,1,0,25065,100,1,
