epoca,mse_treino,mse_validacao,gap_treino_validacao,melhoria,epocas_sem_melhoria,tempo_parede_epoca_segundos,tempo_cpu_epoca_segundos,percentual_saturacao_oculta,camada_1_magnitude_media,camada_1_media,camada_1_desvio,camada_1_menor,camada_1_maior,camada_1_delta_magnitude_media,camada_1_delta_magnitude_maxima,camada_2_magnitude_media,camada_2_media,camada_2_desvio,camada_2_menor,camada_2_maior,camada_2_delta_magnitude_media,camada_2_delta_magnitude_maxima
1,0.173051706637623,0.11724159853014002,-0.05581010810748299,0.0,0,0.43940440000005765,0.421875,0.014287755393627661,0.5171473104921055,-0.027391046265094733,0.642754996027015,-1.604895665946781,1.39650455362983,0.00012032289769288475,0.0019316240716793708,0.6340103899786594,-0.05905923290227772,0.7161461835317111,-1.1824982152817787,1.1436605093151162,0.00047959459434431884,0.0014814814809844966
2,0.08385321519935515,0.07114671253029732,-0.012706502669057831,0.08919849143826786,0,0.43293160000030184,0.4375,0.008572653236176597,0.6316724485535611,-0.03260209709427135,0.7920272493336746,-2.001403201155444,1.9202241672668838,0.00011160450054660987,0.0029197203577273146,0.8228030805117399,-0.03816603441404279,0.9323832978556438,-1.5769761508745137,1.3325715532752553,0.0002488836463634166,0.0014814800118173987
3,0.055330673913139033,0.05439456107931417,-0.0009361128338248662,0.02852254128621612,0,0.4178152999957092,0.40625,0.21860265752250324,0.7218399836610643,-0.028415531992994677,0.9049362049450991,-2.2829554795800426,2.089913256769518,8.806500017072783e-05,0.0034837791921870694,0.9183643280804822,-0.022255287115916764,1.0513219682303183,-1.832812810488698,1.4133427327789048,0.00014873182707172066,0.0014814794174667768
4,0.04304443923648863,0.04423989782218082,0.0011954585856921857,0.012286234676650402,0,0.43488190000061877,0.40625,0.7029575653664809,0.7926095771876625,-0.023101352557762026,0.9930637298166957,-2.783455958359163,2.1969711246407013,7.252180591970245e-05,0.0040452324233911045,0.9741417056034791,-0.005774471083563063,1.1277095363637544,-2.0112082246076826,1.4576579704388182,0.00010909423645168089,0.0014814789487826985
5,0.03572172684821034,0.03761994403402882,0.0018982171858184793,0.0073227123882782935,0,0.4647398000015528,0.4375,1.0787255322188884,0.8494644609950441,-0.01791511302197817,1.068351911694859,-3.2193164902359666,2.536408533972315,6.218635102142603e-05,0.004287311014660765,1.0139641786016536,-0.0033673900040462686,1.1852224120424153,-2.170528482880039,1.565371518331108,8.842631665993656e-05,0.0014814792008727778
6,0.03040216720454452,0.03264658001682243,0.002244412812277906,0.005319559643665817,0,0.4500828000018373,0.4375,1.3830547221031575,0.8958175726277752,-0.013476060058863868,1.133432565553477,-3.605079378609712,2.8414698415428865,5.476372093372057e-05,0.0044884120298615895,1.0442793193188569,0.0032067863166299008,1.2323231470666316,-2.2974802958903155,1.6689307115883512,7.598671354743948e-05,0.0014814812316020227
7,0.0266647858514552,0.028979507044385833,0.002314721192930632,0.0037373813530893196,0,0.47796650000236696,0.453125,1.86455207886841,0.934932421311598,-0.0096606317594344,1.1909315961650464,-3.9467387573843706,3.1142698764213286,4.9178073111157884e-05,0.004693703160886215,1.0685024141022077,0.00843030868177857,1.2719283541157773,-2.4062199041345482,1.7557603080105602,6.674243820100973e-05,0.0014814801132047566
8,0.02392371820850036,0.026229140997804042,0.002305422789303683,0.002741067642954842,0,0.4773790999970515,0.46875,2.3017573939134164,0.968464292532905,-0.006478697404356588,1.2426319602571365,-4.253513565002349,3.3600492153738837,4.477756275736599e-05,0.00499747141369019,1.0885455925126288,0.011968675097110172,1.305857490243475,-2.502158902696593,1.829145618944398,6.004899165520103e-05,0.0014814525973048307
9,0.02180806182232668,0.024205306784612225,0.002397244962285546,0.0021156563861736803,0,0.44227780000073835,0.421875,2.8375482211744534,0.9996141048372802,-0.0037608153990034386,1.2905448190622484,-4.527105097399846,3.580248840891501,4.138952924763969e-05,0.005101484760077058,1.1063744074743445,0.009193390425972427,1.3360212416250048,-2.596314529894386,1.8871285614967992,5.4720891694271845e-05,0.0014814808988614318
10,0.02011355976464167,0.02228574466371637,0.0021721848990747007,0.00169450205768501,0,0.5060328000035952,0.484375,3.2704672096013714,1.0254485231104367,-0.0011870874796210895,1.3331855181794627,-4.787759776311025,3.7891753605887555,3.869131665902973e-05,0.005223403754601843,1.123338550013426,0.014198717932335313,1.3629246612544068,-2.6704317512545277,1.9473742918191166,5.1054033329894105e-05,0.0014814803301259802
11,0.018738638578373903,0.02080048235562008,0.002061843777246178,0.0013749211862677663,0,0.44376130000455305,0.4375,3.7762537505357905,1.0488565992831618,0.0010871608388319531,1.37280527891073,-5.0298683088109595,3.982764980763282,3.6408925284781616e-05,0.005329374204812332,1.1377255507180595,0.01737519569493571,1.3871885153501313,-2.7399692248937364,2.0002085798093594,4.77305520732787e-05,0.0014814763981694206
12,0.01760652010267194,0.01952171982231494,0.0019151997196430008,0.0011321184757019619,0,0.44158320000133244,0.4375,4.28204029147021,1.0710344356098682,0.0031098660915664976,1.4099421523366906,-5.252399383481348,4.1608006325469615,3.437332337118618e-05,0.005551132180071833,1.1494382484743257,0.01684272882757795,1.4091764320466027,-2.8087535797874397,2.0441979365874823,4.474037255970001e-05,0.0014814708802782146
13,0.016539128654794587,0.018507612879594796,0.001968484224800209,0.0010673914478773541,0,0.4335706999991089,0.421875,4.772110301471639,1.0918322020781723,0.004856037312069867,1.445043129593921,-5.4619654126012795,4.327692760503229,3.2758502334799104e-05,0.0056624159956037865,1.1605859563999952,0.016721079614120858,1.4301161248366188,-2.8728834137618744,2.0857274763614213,4.264414346057738e-05,0.0014814778656711298
14,0.01577050854277847,0.017612230371804424,0.001841721829025953,0.0007686201120161162,0,0.429233299997577,0.4375,5.310758679811402,1.1087033876084984,0.00665528397799668,1.4768960493014398,-5.666930471846837,4.490021660872987,3.123882297016213e-05,0.005720385458072904,1.1709067321270117,0.020563443860738072,1.4490006310928738,-2.9261982729192733,2.1281899855225186,4.062290762672638e-05,0.0014814585101043964
15,0.014870021843213118,0.016807000306418577,0.001936978463205459,0.0009004866995653525,0,0.43937329999607755,0.4375,5.633661951707387,1.126134308494884,0.008094551109707053,1.5081108971450128,-5.85594176881249,4.639617301402199,2.9997328798891662e-05,0.005803483728937548,1.1800161389734318,0.020320545664776632,1.4673250396214403,-2.9830483788147792,2.164042808816662,3.883496168949269e-05,0.0014814699552452334
16,0.014308993611035842,0.0159907599567255,0.0016817663456896587,0.0005610282321772755,0,0.4411056999961147,0.421875,6.149449921417345,1.1430818067464457,0.009491864137706028,1.537781151150129,-6.03530250076367,4.781219615624473,2.8861727091656164e-05,0.0059132482243048545,1.1872259773496838,0.017373883051920516,1.4842367850766947,-3.0401424277729605,2.1943148464132105,3.7160245250057625e-05,0.0014814397342559269
17,0.013737661953902087,0.015311975679434549,0.0015743137255324613,0.000571331657133755,0,0.4472901999979513,0.453125,6.510930132876124,1.1580896491697439,0.010755876950005665,1.5657381205519374,-6.207977472516955,4.917030512234532,2.7710954644293392e-05,0.0061224538821935,1.193756365061679,0.014801172594862426,1.5000848438435412,-3.093876561994894,2.2226804683934005,3.568140653542511e-05,0.0014814811557359632
18,0.013175383608659394,0.014686945693660794,0.0015115620850013993,0.0005622783452426932,0,0.42086099999869475,0.40625,6.970995856550936,1.1715809233816334,0.012023959940685653,1.5922171055852528,-6.376703218660321,5.049017893906816,2.6868264430339293e-05,0.00613403139662088,1.200527589349087,0.014983374989107855,1.5153777853621824,-3.1415398800132026,2.253022804542164,3.468483785189554e-05,0.0014813744855226838
19,0.012704672868468837,0.014171532643098114,0.0014668597746292766,0.00047071074019055734,0,0.4239326999959303,0.421875,7.296756679525647,1.1833029561357804,0.013202880498339477,1.617279845793675,-6.54160999598917,5.177388524216813,2.5973431871983013e-05,0.00625712178841489,1.2070363410098337,0.016397257795073707,1.5299324422054892,-3.185508742838439,2.2832318028373173,3.365418510413184e-05,0.001481364541711915
20,0.012200660236831515,0.013625541547931524,0.0014248813111000097,0.0005040126316373222,0,0.4158765999964089,0.375,7.568224032004572,1.1965235605911808,0.014215936293665346,1.6421083334410511,-6.693941287680379,5.296017596802676,2.5192022869685074e-05,0.006398752840131635,1.211828897434604,0.012676110525933669,1.5438706356634513,-3.234937423649686,2.30606606757974,3.238168230148525e-05,0.0014814516352264903
21,0.011853044286714963,0.013120523908344782,0.001267479621629819,0.0003476159501165522,0,0.4054071999998996,0.40625,7.93970567223889,1.2074843351678377,0.015254598796668635,1.6653417025532198,-6.846432890581868,5.4139967065083825,2.444998438143232e-05,0.006443664513865809,1.2167887801869226,0.012014390102929807,1.5571310053771958,-3.2781411034278554,2.331241935496403,3.154906529019764e-05,0.0014794170807927995
22,0.011344694353616609,0.012728187688339608,0.0013834933347229988,0.0005083499330983537,0,0.4128504999971483,0.390625,8.191170167166737,1.2192349721959408,0.01611683171081808,1.6883707828660033,-6.990096936417415,5.5250349622386254,2.3762134735094847e-05,0.006566637669666739,1.2211190016675952,0.00892003940853829,1.5702526907158203,-3.3240167077428704,2.3528405163494135,3.058172235228389e-05,0.001481470364868714
23,0.011089313410553175,0.012350946647737898,0.001261633237184723,0.00025538094306343413,0,0.4090165000015986,0.359375,8.58979854264895,1.2276796816091893,0.017098386188684943,1.7095456264241347,-7.137781908314191,5.638263709455771,2.3206993285090295e-05,0.006691686563865228,1.2266501303233215,0.012193586501574842,1.5828585053964872,-3.359214865404545,2.381024272809339,3.0102509860895285e-05,0.0014808273882239407
24,0.010693852240269213,0.011957941506342466,0.0012640892660732532,0.000395461170283962,0,0.41074739999749,0.390625,8.75982283183312,1.2387842754449638,0.017916081296816183,1.7309294667132042,-7.274571610344919,5.74316479447789,2.2648654255252823e-05,0.006786072573522516,1.2336903139582647,0.010277226673321599,1.595121017188744,-3.4005845013390084,2.402258638028363,2.919171539217535e-05,0.0014810610982765472
25,0.010427221258907122,0.01154468618771571,0.0011174649288085876,0.0002666309813620909,0,0.408862100004626,0.40625,9.028432633233319,1.2489612884553445,0.018744264494772178,1.7513590021413654,-7.408801721906043,5.845781062452128,2.2105622967721726e-05,0.006903620839835961,1.2408993321620672,0.007760616452310662,1.606760450517246,-3.441368394651745,2.421700005434395,2.8421970415839886e-05,0.0014814703503778837
26,0.01012624521878401,0.011218597324930685,0.0010923521061466743,0.0003009760401231111,0,0.41987499999959255,0.40625,9.212744677811116,1.2580386260419867,0.019525190390160513,1.7710158132745202,-7.540876774285651,5.946331748932817,2.1653875728262497e-05,0.007034401493587098,1.248047916308035,0.006859774799073232,1.6181732311947088,-3.478941139737546,2.442410548204556,2.7769899584475407e-05,0.0014814234793420757
27,0.009798009082376907,0.01092575147131906,0.001127742388942152,0.0003282361364071035,0,0.4178350000001956,0.40625,9.311330190027146,1.2671177677866803,0.020222950519599138,1.7902931908971167,-7.667881207963042,6.042838418513,2.1210549991176773e-05,0.0070908631491597195,1.255027316249262,0.00572407298794147,1.6294051986668128,-3.5159700297403855,2.4621925484736975,2.71540504437444e-05,0.0014814448998119029
28,0.00956518338069719,0.010563357438476074,0.0009981740577788834,0.0002328257016797168,0,0.43266399999993155,0.4375,9.508501214459208,1.277062203031589,0.020857722012186056,1.809292909982156,-7.7885267416973525,6.134369907434988,2.076585595741785e-05,0.007152488651390475,1.2611402705622,0.000509035800331055,1.6400885743808151,-3.557679152543045,2.476172978453462,2.6521208375194838e-05,0.0014813847718429633
29,0.009343882935380791,0.010288356281891826,0.0009444733465110346,0.000221300445316399,0,0.42258679999940796,0.421875,9.764252036005143,1.2845352550437337,0.021548674333927122,1.8272263083545635,-7.913581508042153,6.2285311467780975,2.0483988115671093e-05,0.0072763843808850304,1.2678972002100632,0.0014072403082404145,1.6508816706767588,-3.5903418361744324,2.497454746145496,2.6221947119886437e-05,0.0014803470389184172
30,0.009096623067496125,0.010043037116094236,0.0009464140485981112,0.0002472598678846666,0,0.4329836000033538,0.4375,9.89141305900843,1.2923189737967784,0.022196509916890074,1.844828876657822,-8.033871963716708,6.319014322556505,2.0087068416340697e-05,0.0074174806194288795,1.2741919695285746,0.0005160501135000176,1.6613422372821443,-3.6246515487750375,2.5159357200485486,2.565779130475002e-05,0.0014814678780386268
31,0.008903167300857554,0.009703881990145673,0.0008007146892881189,0.0001934557666385707,0,0.43597800000134157,0.421875,10.020002857551079,1.3003975645385069,0.0227823924821967,1.862075071248489,-8.149108214614468,6.405570643312471,1.966855093392721e-05,0.007450862534844921,1.2797657411531211,-0.003083076153540733,1.671264117838885,-3.6616580923112294,2.5301985666676097,2.4946590289337092e-05,0.0014811025663121575
32,0.008637649932943532,0.009666075210123156,0.0010284252771796242,0.000265517367914022,0,0.44041180000203894,0.421875,10.240034290612945,1.3062115588645784,0.02340179130695874,1.8784529986464522,-8.268043405305631,6.494325839726686,1.937953976785233e-05,0.007604043927501691,1.2861478957512544,-0.000623617614931581,1.6814629497463365,-3.6900943173978473,2.5519828738104486,2.469547811906403e-05,0.0014814476929344805
33,0.008466110084811301,0.009239794157245407,0.0007736840724341058,0.00017153984813223118,0,0.474794000001566,0.46875,10.294327761108729,1.314365008342987,0.023909613074520962,1.8950429352172584,-8.37660764821265,6.575534537197541,1.89990476712764e-05,0.007645512143039838,1.2912835862827976,-0.0053388158022715385,1.6910126158674,-3.7273932741736178,2.563931235963867,2.4029295757678913e-05,0.0014809743467879203
34,0.008233870366399013,0.009043104288060828,0.0008092339216618158,0.0002322397184122884,0,0.4081019000004744,0.40625,10.484354907843978,1.3212525000797393,0.024430978068651545,1.9110942363311476,-8.486862990214158,6.657576141039612,1.8807789103513375e-05,0.007725993370032046,1.2969593630866183,-0.006451505627393434,1.7008055540677287,-3.759599615972431,2.580464050753911,2.381897292792e-05,0.0014810730307350767
35,0.008073807240120369,0.008830264810130228,0.0007564575700098591,0.000160063126278644,0,0.41397950000100536,0.375,10.601514502071725,1.32778230861928,0.024931359124359728,1.9266771558083744,-8.594933888999417,6.737820934997878,1.8443283469480195e-05,0.00781740067050526,1.3022990928220681,-0.008040068404834289,1.7102584306417157,-3.7916471804099268,2.595781852065492,2.330019497914076e-05,0.0014814124394240244
36,0.00786210342977972,0.008608134204223268,0.0007460307744435492,0.00021170381034064933,0,0.4058647000056226,0.40625,10.72296042291756,1.334628780101277,0.025398477806750662,1.9420981516253857,-8.699838663176584,6.815589644131396,1.8182259583636104e-05,0.007862767092258522,1.3074869810474312,-0.010114261099296444,1.7196009874312244,-3.8239179301315582,2.6101983615081954,2.290882815110814e-05,0.0014814772159896065
37,0.007703154041501809,0.008462796870472017,0.0007596428289702081,0.00015894938827791007,0,0.4124322999996366,0.390625,10.927275325046436,1.3406807175241164,0.025867674398644982,1.9570424048488824,-8.804776770988566,6.893076831621832,1.7931309056951792e-05,0.008013967403776322,1.3127815747522045,-0.010747428804083213,1.7288981421733383,-3.85375921921027,2.6262077401787436,2.2614054095556906e-05,0.0014814545033780572
38,0.00758314018046112,0.008210876382178923,0.0006277362017178025,0.00012001386104068881,0,0.4307568000003812,0.421875,11.07015287898271,1.3470011660854817,0.02630911952546815,1.9716687776060586,-8.906012905566026,6.9677193946920095,1.763273703077865e-05,0.008027375636185755,1.317455696005824,-0.01353699733265179,1.7377454150676979,-3.8857162276766415,2.6388506203996944,2.2165653168112647e-05,0.001481445238440426
39,0.007399949373235358,0.008032222279639612,0.0006322729064042543,0.00018319080722576254,0,0.41672079999989364,0.40625,11.107301043006142,1.352744960863707,0.026724949792709323,1.9859893252641683,-9.006167125842508,7.0413485837735905,1.73687232803601e-05,0.008073401366975435,1.3222842705712798,-0.015123629295813316,1.7466048612900755,-3.9157384434997913,2.6527389927001943,2.182638283176653e-05,0.0014814657492388146
40,0.007242703747225997,0.007850557493455151,0.0006078537462291542,0.00015724562600936097,0,0.4195784999974421,0.40625,11.281611658808401,1.3584194076320435,0.02713805693315482,2.0000179740438937,-9.104809010304244,7.113747231567956,1.7135011466518627e-05,0.008165346935687103,1.3269673056559181,-0.016862717565418937,1.7553364633831798,-3.945533632046879,2.6662144987923044,2.1465835283345073e-05,0.0014814160059054597
41,0.007029800967806101,0.0076749625807612624,0.0006451616129551615,0.00021290277941989587,0,0.43602060000557685,0.40625,11.377339619945706,1.364759614356979,0.027511982173618152,2.014043009744652,-9.200347933804037,7.183777064573016,1.69225120160996e-05,0.008128517042847347,1.3316432819917499,-0.019020311824575954,1.7641073123644677,-3.975642267359809,2.6791306820275107,2.114306091298039e-05,0.0014807211895799292
42,0.006960598005567635,0.00762628064839827,0.000665682642830635,6.920296223846597e-05,0,0.41279670000221813,0.40625,11.537362480354336,1.3691394366138163,0.027921776904237396,2.0273159157843095,-9.298536192295174,7.255367701151362,1.66635883213192e-05,0.008353874593330169,1.3364843968575362,-0.01850000918457488,1.772701400405974,-4.001480339267072,2.694961955471708,2.0868475632061508e-05,0.0014814793915740021
43,0.006842322341931891,0.0073788168988029096,0.0005364945568710183,0.00011827566363574373,0,0.4065128000002005,0.40625,11.610230032861837,1.3747010993719757,0.028272593032767312,2.0406053974385228,-9.391068363679109,7.322918396363116,1.6444740549977918e-05,0.008303843136441707,1.340609311805643,-0.021485638938785554,1.7809518014503145,-4.031657658544846,2.7058832263800485,2.0544206704566416e-05,0.0014810359548352017
44,0.0066422769835962295,0.007327598034993977,0.0006853210513977472,0.00020004535833566175,0,0.41503889999876264,0.40625,11.708815545077869,1.37951343760217,0.02861810041234236,2.0536348828847535,-9.484565983272294,7.39086433119436,1.6255623318478534e-05,0.008346956741644616,1.345319216455791,-0.021328676604561118,1.7894208144981616,-4.057358157348565,2.720853606716248,2.0222570221868778e-05,0.001481449474253761
45,0.006563029368889965,0.007180214331326317,0.0006171849624363518,7.924761470626436e-05,0,0.41579320000164444,0.40625,11.795970852978996,1.384519747508793,0.02895298059070171,2.0664293229344675,-9.575495602347862,7.456900728773153,1.6052526629104455e-05,0.008441061717564384,1.3495873621506795,-0.02289377134786458,1.7976331706699924,-4.084961169454454,2.7333043619564457,1.9989251975105624e-05,0.001481403015083686
46,0.0064142202161956785,0.007189279040076972,0.0007750588238812934,0.00014880915269428665,0,0.412763400003314,0.40625,11.950278611230175,1.3887224362668469,0.029290133385406033,2.078925506682349,-9.667093711057412,7.523206103688711,1.5873493392693274e-05,0.008491694359483288,1.354129531336547,-0.02270307699118589,1.8059196365547814,-4.110085594886197,2.747915635612235,1.9724178123597025e-05,0.0014814813656703902
47,0.006305600177687037,0.006876982579241788,0.0005713824015547509,0.00010862003850864183,0,0.41322650000074646,0.390625,11.923131875982284,1.3945189695546873,0.02958725757222601,2.0914872509061255,-9.752493535817173,7.585218562933951,1.5646103810960627e-05,0.008452076726903117,1.3579150473366588,-0.026395235756709514,1.8138468037308308,-4.139866557813577,2.7570807556000974,1.9344648072017278e-05,0.0014814671335375504
48,0.006207125736030096,0.006742192171844878,0.0005350664358147817,9.847444165694049e-05,0,0.407501499998034,0.40625,12.087441063009,1.3993050573117691,0.029894002452614487,2.1036445163608097,-9.839557145771176,7.648126399165724,1.5476018195773866e-05,0.008532446466590217,1.3619320155278793,-0.028083130816754075,1.8217799474383283,-4.166632338875115,2.768734506675495,1.917210995300555e-05,0.0014814239553382225
49,0.006083503680705539,0.006597339017144933,0.0005138353364393935,0.00012362205532455688,0,0.4096429999990505,0.40625,12.19602800400057,1.404132553538358,0.03019014971387051,2.115623186557258,-9.92504782383022,7.709844752470069,1.5293800822197253e-05,0.008595740024768393,1.3658297935756052,-0.029893670646956097,1.8296046818313276,-4.193257562251469,2.780031028510258,1.887240002522918e-05,0.0014813845423419759
50,0.005989051491939339,0.006511537048626353,0.0005224855566870147,9.445218876620066e-05,0,0.40527120000479044,0.40625,12.237462494642092,1.408380626129948,0.03048064882100128,2.127366343741677,-10.010385961640965,7.771248885832816,1.512143521205601e-05,0.008519514393127328,1.3698643084410274,-0.030760098143996162,1.8374296371802923,-4.218410672301069,2.7923681842787103,1.8727258525307467e-05,0.0014810820845467202
51,0.005904744379676618,0.0064203987159110205,0.0005156543362344022,8.430711226272043e-05,0,0.40451519999623997,0.40625,12.326046578082583,1.4122296788594522,0.030767144202566703,2.1388020253155857,-10.09450178288717,7.831682910686656,1.489702948370185e-05,0.008820290845827517,1.3737015783738757,-0.03186915008284046,1.8450449731072318,-4.243408455352267,2.8039885813101346,1.8398013852651044e-05,0.0014810846933281288
52,0.005782195402676459,0.00633218177704271,0.0005499863743662504,0.00012254897700015883,0,0.41094259999954375,0.40625,12.397485355050723,1.4163753455474548,0.031035610865833795,2.1501714036424864,-10.177157769218665,7.89098777728057,1.4764433995396207e-05,0.008632427662734397,1.377565274358126,-0.0328875920102693,1.8526775987385915,-4.268153162349001,2.8157150039097725,1.8236681742671836e-05,0.0014812500076419217
53,0.0056453343858407275,0.0062702696379156,0.0006249352520748723,0.00013686101683573187,0,0.40443050000612857,0.390625,12.507501071581654,1.420529137637864,0.03129281577777063,2.161426233688627,-10.258716577214368,7.949423984113796,1.4612803539953385e-05,0.008681172754920091,1.3814989612636746,-0.03362740024238995,1.8603275222324431,-4.292320642419402,2.827742105810099,1.792167619678977e-05,0.0014814602452787422
54,0.0055938636550942325,0.006112483086367196,0.0005186194312729632,5.147073074649507e-05,0,0.4138911000045482,0.40625,12.534647806829547,1.42488922112754,0.03154264920479199,2.172458307353307,-10.338315896579777,8.006389759707224,1.4414554813994295e-05,0.008861518718898155,1.384965563041778,-0.0358943371521842,1.8676800244897493,-4.317992274997608,2.8374290937496314,1.7708374093413636e-05,0.0014814511560847974
55,0.00547394797086581,0.00605127750008492,0.0005773295292191101,0.00011991568422842214,0,0.43305740000505466,0.4375,12.638948421203027,1.428774392409386,0.03177841194706744,2.1833353077461446,-10.41786121725039,8.063168758539673,1.4291309162160327e-05,0.008991925637388282,1.3887195903809872,-0.03685173320995989,1.8751262639535498,-4.3417828900433335,2.848774297485587,1.7461973308133398e-05,0.0014803338748000433
56,0.005419076656380271,0.005902529082438522,0.00048345242605825085,5.487131448553891e-05,0,0.43742329999804497,0.4375,12.673239034147734,1.4329157909137666,0.03201601223899916,2.194030686578232,-10.495333983199178,8.118522003822761,1.4121613480126407e-05,0.008846779629642988,1.3921093245042881,-0.03901239287501737,1.882365047567623,-4.36687454985587,2.8583048521357006,1.7311308185943542e-05,0.0014809940563462818
57,0.005299138782044951,0.005762462744264657,0.00046332396221970655,0.0001199378743353208,0,0.48686150000139605,0.484375,12.710387198171166,1.437268339580787,0.03223679868578655,2.204680183086867,-10.571202955479894,8.172658557025207,1.398665020104595e-05,0.008650648868926816,1.395561436794351,-0.0410412244330119,1.8896241618167053,-4.391603155421438,2.867943867380857,1.708923226324019e-05,0.001481307896200229
58,0.005219245947914907,0.005762235530692448,0.0005429895827775413,7.989283413004349e-05,0,0.41368990000046324,0.40625,12.780397199599944,1.4405851918900938,0.032457550202851904,2.2150716513100432,-10.648521284053386,8.227563473047882,1.38601011488337e-05,0.008866118389180158,1.399385374116588,-0.04086000953966873,1.8969361003130514,-4.413203687417873,2.880338381480683,1.692741407091672e-05,0.0014807489803774613
59,0.005173508653148499,0.005668869496833917,0.0004953608436854178,4.573729476640802e-05,0,0.4191164000003482,0.40625,12.86755250750107,1.4440105614123768,0.03267238521868945,2.225268907539327,-10.72378674151531,8.280986733045745,1.367416480528781e-05,0.008809931886363429,1.4027529228059181,-0.042228425570126404,1.9039706634360312,-4.436449177294097,2.890322830137834,1.6677392468138317e-05,0.0014813097039513435
60,0.005035694665322799,0.005510728224541334,0.0004750335592185349,0.00013781398782570023,0,0.4057983999955468,0.40625,12.904700671524502,1.4485414887499894,0.03286499516584183,2.235551463884891,-10.796055301147383,8.332406398823471,1.3579558940103799e-05,0.008766366012015804,1.406051698992239,-0.04454335532125828,1.9110666539985741,-4.460875802960831,2.899248980609817,1.653022583940558e-05,0.0014814673545094843
61,0.005009361684112916,0.005457246021767283,0.0004478843376543671,2.633298120988288e-05,0,0.41630860000441317,0.421875,13.009001285897986,1.4518853444986888,0.03307105152945427,2.2454796710411804,-10.870282603299069,8.38494406755131,1.3435555341463177e-05,0.008809518217581634,1.4094708321251448,-0.04535432146081624,1.9180768335977234,-4.4831089566029085,2.90984871654748,1.6399855581010116e-05,0.0014814625914023542
62,0.004901121079871757,0.005343773812524195,0.0004426527326524378,0.00010824060424115874,0,0.4229039999991073,0.421875,13.043291898842691,1.4558695805543262,0.03325999185762041,2.255383976684616,-10.941785117820707,8.435620860741436,1.3286568887875578e-05,0.008583840614643404,1.412700925887779,-0.04718143728085524,1.9249969166205807,-4.506399428121573,2.9189820938584434,1.61152973086799e-05,0.0014811813170154614
63,0.004835933081333911,0.005313303304801293,0.00047737022346738215,6.518799853784656e-05,0,0.4358404000013252,0.421875,13.1504500642949,1.45920344628655,0.03345078093600128,2.265104213946907,-11.01436966064045,8.486887697751321,1.3192846334792128e-05,0.008844862662538144,1.4161762549453172,-0.0475597401843778,1.9319631959794776,-4.527654920985317,2.9299963423649538,1.6000057244831484e-05,0.001480670375273608
64,0.004752910303137948,0.005422683869370911,0.0006697735662329635,8.302277819596283e-05,0,0.4455600000001141,0.4375,13.200457208172597,1.4617780532257934,0.03364386978272711,2.27463502526895,-11.087613602598301,8.538447319674068,1.3065932358030837e-05,0.009034683267877623,1.419922354376595,-0.04649506275774895,1.9389707599851946,-4.5468428188550405,2.9428262793639877,1.5819238446490606e-05,0.001481334890976119
65,0.00470955461389935,0.0053004814473523185,0.0005909268334529684,4.335568923859775e-05,0,0.45048680000036256,0.453125,13.224746392341762,1.465344321369306,0.033826427175902,2.284094399491081,-11.157149762884998,8.587572833541707,1.290477672265377e-05,0.008488870694841498,1.4229889030728184,-0.04818611053114188,1.9456828429121156,-4.569338947919078,2.9517409535433097,1.5656754584447936e-05,0.0014814814627057444
66,0.004615669302938144,0.0052204766867824355,0.0006048073838442912,9.388531096120572e-05,0,0.44947469999897294,0.453125,13.26475210744392,1.4687385186130546,0.033994725502838115,2.293479069072023,-11.226123136723006,8.63614252383119,1.2788300206923772e-05,0.008726132285903018,1.4262048821457194,-0.04931664861618101,1.9524164312355041,-4.590931667641308,2.9612928115772856,1.541417195565054e-05,0.0014808377379800875
67,0.004568947374728565,0.005157403593411861,0.0005884562186832957,4.672192820957908e-05,0,0.45099669999763137,0.453125,13.37333904843549,1.4720854757998358,0.0341580512033378,2.3026912561903363,-11.294645534767522,8.684348618469848,1.2678378910531113e-05,0.008826056922333741,1.4293358496423414,-0.05051135803539155,1.9590771011182662,-4.612360976039874,2.9707118550932448,1.5319111249208894e-05,0.0014803981535397672
68,0.004474584007110203,0.004898322842450666,0.0004237388353404625,9.436336761836205e-05,0,0.42427070000121603,0.421875,13.376196599514218,1.476877256088499,0.034298888257287524,2.3119354700956816,-11.358491439675069,8.729467362870555,1.2534303815107396e-05,0.00881311298561556,1.4318362050089246,-0.05474737237406566,1.9655206345196288,-4.637490099711655,2.975938754256145,1.501723069908484e-05,0.001481481470085693
69,0.004443042844903545,0.004811115297328238,0.00036807245242469287,3.154116220665821e-05,0,0.4245070999968448,0.421875,13.45620802971853,1.4802825432234128,0.03445165314228889,2.320923577468845,-11.424771583325693,8.77602656327352,1.242731061602392e-05,0.008738812467146088,1.434709428220801,-0.05658923589814393,1.9719924372028923,-4.659371618650829,2.984160591733088,1.4971711389807847e-05,0.0014806242365422906
70,0.0043754305527965096,0.004949797661686326,0.0005743671088898165,6.761229210703549e-05,0,0.42041559999779565,0.40625,13.534790684383482,1.4819715968965652,0.034621261100659176,2.329730951813565,-11.495018902333248,8.825047041855859,1.2387671861948892e-05,0.00898999066199076,1.4385594983030314,-0.05402993417371855,1.9787630689313118,-4.675522758845638,2.998347014288619,1.4937381022351255e-05,0.0014814252425374153
71,0.004322682786620872,0.004786450513485179,0.00046376772686430694,5.274776617563738e-05,0,0.42221969999809517,0.421875,13.56336619517074,1.4855407660475737,0.03476842094716636,2.33851967955201,-11.559164968808881,8.87013046235681,1.220409158581874e-05,0.008704429411631506,1.4412252387601963,-0.05665598344356531,1.985100296574494,-4.698033695315254,3.0053298896646767,1.4633481717122231e-05,0.0014793973971048
72,0.004216236315477489,0.004625139607619037,0.0004089032921415483,0.00010644647114338348,0,0.4196100999979535,0.421875,13.573367623946279,1.4896936095891593,0.03489712680012664,2.3472965230948435,-11.620924613360152,8.913567507000712,1.2081375664471329e-05,0.00848666090666029,1.4436993404433829,-0.06024317860565613,1.991384495056321,-4.721679780273993,3.010975554365876,1.440954626204674e-05,0.0014811881904520175
73,0.0041953190625296285,0.004634275471290499,0.00043895640876087053,2.091725294786021e-05,0,0.4255293000023812,0.421875,13.643377625375052,1.4919593485006768,0.03504046870239375,2.3558669396570195,-11.687175388135607,8.95973205082188,1.2056726332212475e-05,0.00873759081662605,1.447103016353234,-0.059246608347868594,1.9978770945762563,-4.739270343364765,3.0226817613163592,1.4433724433991018e-05,0.001481402163765034
74,0.004123906515127124,0.0046722648721617575,0.0005483583570346333,7.141254740250427e-05,0,0.416853099995933,0.421875,13.683383340477212,1.4943320289689206,0.03517934202716295,2.3643505733549786,-11.752300580387082,9.005109471163959,1.1935381425914042e-05,0.008609839911970323,1.4504268401451206,-0.05859867269423576,2.004321788796189,-4.757164912189512,3.033855089276535,1.424733302967768e-05,0.0014814629515994002
75,0.004089557660746621,0.004659801116976984,0.0005702434562303632,3.4348854380502995e-05,0,0.42827050000050804,0.4375,13.704814973567652,1.4967766876973065,0.03532022212534854,2.3726933404642745,-11.815770341540446,9.04938187802633,1.1803535443988178e-05,0.008966087023740747,1.4535231847727113,-0.0589780233544883,2.01060758872497,-4.77615491381094,3.0434346738301437,1.4077539205746851e-05,0.0014814760303523927
76,0.004029998333387132,0.0045533823979269986,0.0005233840645398665,5.955932735948917e-05,0,0.42843189999985043,0.40625,13.760537219602801,1.4999700808356948,0.03543833041832599,2.3809976308855765,-11.877085570554696,9.092174490604714,1.170870405715381e-05,0.008410001618273027,1.45653162641935,-0.060689413777668684,2.016757895670439,-4.796578418450103,3.051166872948542,1.3913116827922384e-05,0.0014814813244839933
77,0.00396667072986828,0.004540363811525346,0.0005736930816570658,6.332760351885226e-05,0,0.42433039999741595,0.421875,13.774824974996427,1.5025258506647325,0.03556911480030126,2.3891987666164947,-11.938915071579359,9.135224194567243,1.1603060937513233e-05,0.008554047763488172,1.4603266597491993,-0.06087761996828973,2.0229441964621673,-4.814901802933275,3.0607900916492023,1.3742234510742922e-05,0.0014810690196940864
78,0.003954437629915731,0.0044686547612639484,0.0005142171313482179,1.2233099952549224e-05,0,0.4268452000032994,0.421875,13.820545792256036,1.5051854877254258,0.035689961957607715,2.39723248172776,-11.999804127483655,9.177609222529775,1.150609116025228e-05,0.008810109042882909,1.4633467776837008,-0.062357699165512065,2.028976770226057,-4.83471477962443,3.0685822157151414,1.3684286895862488e-05,0.001481364635144144
79,0.0038734534940349364,0.004341278327098863,0.0004678248330639268,8.098413588079412e-05,0,0.4214382999998634,0.40625,13.859122731818832,1.5085291174248179,0.03579718707372085,2.405270306091826,-12.058635697127375,9.218611984172306,1.1423265390655174e-05,0.008756556198901406,1.465850162296608,-0.06481463856663833,2.0349838735916568,-4.8556618731562455,3.075110088564019,1.3531090793169896e-05,0.001481410715222553
80,0.003829310223977535,0.00441697717672582,0.0005876669527482845,4.4143270057401315e-05,0,0.4896798999980092,0.5,13.884840691527362,1.51025050912331,0.03592307172259355,2.4131532730473837,-12.120467655147282,9.261443109287725,1.1360314131242585e-05,0.00842868098973874,1.4702686122906514,-0.0636556343822894,2.0411157728258127,-4.871853912299133,3.0862928436834767,1.3422258299951789e-05,0.0014814809671060008
81,0.0037667550474802013,0.004389269188095785,0.0006225141406155836,6.255517649733384e-05,0,0.4301952000023448,0.421875,13.91055865123589,1.512852707825299,0.036031326527228166,2.421001334205353,-12.17989370831241,9.302686326898248,1.1254212685110798e-05,0.008582654198711678,1.4735668812807388,-0.06456512027433345,2.0471532718338072,-4.8905804973889655,3.0947745136510356,1.3293455556399976e-05,0.0014809089177107962
82,0.0037341134626508055,0.004251151486579974,0.0005170380239291686,3.264158482939577e-05,0,0.4193282999985968,0.421875,13.891984569224174,1.5157505748902675,0.03614400807132718,2.4287611497923423,-12.236892921372782,9.342329367196134,1.1130597293528385e-05,0.008512483399490607,1.4761134323626697,-0.06668020216002041,2.0530165177043145,-4.910678505804477,3.1013542672602585,1.313040775696913e-05,0.0014772683085916922
83,0.00369475829255407,0.004183727023318684,0.0004889687307646135,3.935517009673534e-05,0,0.42011880000063684,0.390625,14.052007429632804,1.5185896212839136,0.03623313749087123,2.436412184659098,-12.294677851204032,9.382422907133083,1.1089029186216996e-05,0.00870151312559055,1.4788571519232798,-0.06841789986453845,2.058894013300351,-4.930105513018681,3.1085697033694495,1.3080285563283559e-05,0.0014810454886082971
84,0.0036409254645029202,0.004127406269385224,0.0004864808048823041,5.383282805114997e-05,0,0.42281870000442723,0.40625,13.983426203743393,1.5211147225425499,0.03633251884776641,2.4439905665489485,-12.351781646550503,9.421975886464967,1.0970533503376063e-05,0.008430924676007511,1.4818395746792439,-0.06962648315302183,2.0647335094918517,-4.948690536496634,3.116276529100537,1.2882689153675767e-05,0.0014814559478088722
85,0.0035898933417930702,0.004225904232326744,0.0006360108905336735,5.1032122709849994e-05,0,0.433770600000571,0.4375,14.06486640948707,1.5226564343291886,0.03644020309859693,2.4514755828489636,-12.410935396516148,9.462768021540453,1.092043620860094e-05,0.00877374763053195,1.4862019453580684,-0.06831577416271464,2.0706998054137133,-4.963981696127169,3.127341722793688,1.2799487889750233e-05,0.001479954044200169
86,0.0035704237453237655,0.0041239315398153556,0.0005535077944915901,1.946959646930476e-05,0,0.4233024999994086,0.421875,14.066295185026432,1.5252946307667496,0.036531848608678044,2.4588740280032546,-12.466523803636635,9.501274754980647,1.0808101227511591e-05,0.008411956517390677,1.4887513842222475,-0.07014323076544073,2.0763979527708214,-4.983055466676227,3.1340403737437623,1.268805022176844e-05,0.0014805054707307558
87,0.0035124182849115538,0.004005639737383243,0.0004932214524716893,5.800546041221169e-05,0,0.4185871000008774,0.40625,14.052007429632804,1.5280553768581657,0.036621470842246595,2.4662249798168743,-12.520971124930801,9.538959812919718,1.0713276766229178e-05,0.008531214381459585,1.4910399918215311,-0.0723954886376525,2.0820480518396507,-5.002590072556903,3.140082962009376,1.2527995837047802e-05,0.0014809847159143739
88,0.0034742725316172975,0.004023419394291663,0.0005491468626743655,3.8145753294256245e-05,0,0.43491350000113016,0.4375,14.139162737533933,1.529883446015996,0.03671295827424382,2.4734830952141276,-12.577554762757616,9.577922925308266,1.0678305443231046e-05,0.00843394568462988,1.4946155115462376,-0.07230682297843859,2.087811345812145,-5.0190230092698584,3.1492621058056356,1.2464408844768046e-05,0.0014813751313268102
89,0.003418432576643124,0.004057381690777873,0.0006389491141347487,5.5839954974173326e-05,0,0.42109160000109114,0.421875,14.229175596513787,1.5318761506226395,0.03679480916813312,2.4806772451525374,-12.63333590490934,9.616342933321217,1.0592627714125998e-05,0.00837818289739409,1.4981281521728036,-0.0723267500042834,2.0935612489504,-5.03543104358086,3.1583192075984976,1.2342148127896635e-05,0.0014811894119669186
90,0.003398064968374132,0.003970081133947942,0.0005720161655738097,2.0367608268992334e-05,0,0.4134877000033157,0.40625,14.17916845263609,1.534227997570795,0.03687779408994613,2.4877886093020707,-12.687083527097405,9.653431552023095,1.0494180345254204e-05,0.00847725424798151,1.5006776500143308,-0.07392795067241953,2.0991294323224166,-5.053766066298108,3.165019210986204,1.2222563087814256e-05,0.0014806454445580703
91,0.003344362643599948,0.003987432028864052,0.0006430693852641036,5.3702324774183765e-05,0,0.41638899999816203,0.421875,14.26060865837977,1.5359992948011996,0.036968503505213086,2.4948382789695507,-12.74161875811598,9.690957564214044,1.0436012332311043e-05,0.008332176950206606,1.5040730212268854,-0.07399391496853493,2.104760928856071,-5.069989439796516,3.1737233535050784,1.2095472376301552e-05,0.0014814729499573601
92,0.0033104425637721373,0.0039209823050172345,0.0006105397412450972,3.392007982781081e-05,0,0.4361602000062703,0.421875,14.276325189312757,1.5384256960467684,0.03703030887920446,2.5018218109059136,-12.794574453307137,9.727388843519138,1.0355349825481684e-05,0.008480156298591083,1.5066910036544423,-0.07548071471778521,2.110264829017648,-5.08778679789411,3.1804967973250275,1.1976349466632555e-05,0.0014812031209743871
93,0.0032454648717621932,0.004036463294941821,0.0007909984231796274,6.497769200994406e-05,0,0.42642520000663353,0.421875,14.292041720245749,1.5398500005889215,0.03711335611161142,2.5087520699822763,-12.849201545864831,9.764850275908728,1.0280203641759166e-05,0.00849120024286862,1.510597190923518,-0.07448504154101182,2.1159080755680435,-5.1024178051093285,3.1905695610576363,1.1868015991764891e-05,0.001479614502188718
94,0.0032613833481746563,0.003812555399252372,0.0005511720510777158,-1.5918476412463047e-05,1,0.42050100000051316,0.421875,14.313473353336189,1.542851323298256,0.03717042841706118,2.5155792819911373,-12.899152463719373,9.799333854699862,1.0189949602875468e-05,0.008607106687637768,1.5126211513364298,-0.07796181399212983,2.12118504924444,-5.122464921095321,3.1944329036058132,1.1785556572959614e-05,0.0014811021982296042
95,0.003200316652726562,0.003788041633844458,0.0005877249811178961,6.106669544809432e-05,0,0.4175275000015972,0.421875,14.386340905843692,1.5449801803157102,0.037231215446945944,2.52236658146295,-12.951197322790374,9.835051709085088,1.0144484493828828e-05,0.008447331733500672,1.5156698705823155,-0.07883460835191647,2.1266157063542144,-5.139096962418413,3.20184961437796,1.169110012411006e-05,0.001480821127315072
96,0.00316346026272413,0.0037653274991848776,0.0006018672364607475,3.6856390002431866e-05,0,0.42253229999914765,0.421875,14.384912130304329,1.5470140905835148,0.037297491741828524,2.529097038425392,-13.00279181666028,9.87042578071603,1.0075796933303776e-05,0.008503696319754313,1.5187480852526811,-0.07942449658790297,2.1320305345866037,-5.155313156156116,3.209550177168937,1.1587084309124953e-05,0.0014813555761323002
97,0.003132754791223137,0.0036550261510747938,0.0005222713598516567,3.070547150099299e-05,0,0.41998619999503717,0.421875,14.404914987855408,1.54981092958965,0.03735478769805413,2.5357519149189836,-13.052244284448829,9.904432215936174,9.984271734606409e-06,0.008563582730725447,1.5212929494198428,-0.08191281381409198,2.1372959037459203,-5.173769833089996,3.2146040635811493,1.1470051018992122e-05,0.0014814802245501496
98,0.0031005931165370413,0.003704878330645632,0.0006042852141085906,3.216167468609579e-05,0,0.4202854999966803,0.40625,14.470638662666094,1.5512102361954812,0.03742944772301784,2.5423221794475874,-13.10455526329658,9.940171707530611,9.942719678029858e-06,0.008649607961702915,1.5246700991535413,-0.08118610109466168,2.142722023697169,-5.18813193699804,3.2239475615270834,1.1415933568754129e-05,0.0014812549868151767
99,0.0030713755626442653,0.0036669073649625377,0.0005955318023182724,2.9217553892776048e-05,0,0.4232671999998274,0.40625,14.492070295756537,1.5534079225128743,0.037483358834160256,2.54884173174211,-13.154641216370145,9.974456975100209,9.873290074382251e-06,0.008423744625846122,1.527538567724521,-0.08226343322435098,2.1479875974269467,-5.204555602239349,3.230781846088922,1.1296721633188411e-05,0.0014789934029831513
100,0.003019140212785144,0.0035641348061781993,0.0005449945933930552,5.223534985912114e-05,0,0.41584010000224225,0.40625,14.499214173453352,1.55622469556815,0.03752403674391457,2.5553203601077152,-13.202787895934092,10.007482043669532,9.77247669192902e-06,0.008332771637001232,1.5300378107922412,-0.08470637727434664,2.1531447096817193,-5.222504059824705,3.235721890192654,1.1131424651741572e-05,0.0014788007828850386
