geracao,mse_treino,mse_validacao,gap_treino_validacao,melhoria,geracoes_sem_melhoria,diversidade,media_genes,desvio_genes,menor_gene,maior_gene,percentual_limites,tempo_parede_geracao_segundos,tempo_cpu_geracao_segundos
1,0.1321020846411054,0.14402481999566924,0.01192273535456384,0.0,0,2.855375477208949,0.07802186551122468,2.8747598140704804,-4.9995187610568825,4.999248268331765,10.00900900900901,0.17220130000350764,0.1875
2,0.09842888068943062,0.10566335259779923,0.007234471908368609,0.03367320395167478,0,2.932420909342255,0.0017466199459608685,2.9800491093730885,-5.0,5.0,15.144144144144144,0.15547370000422234,0.15625
3,0.09842888068943062,0.10566335259779923,0.007234471908368609,0.0,1,2.9724090152834868,0.00934422597019202,3.0564410680342315,-5.0,5.0,18.036036036036034,0.16752339999948163,0.171875
4,0.09842888068943062,0.10566335259779923,0.007234471908368609,0.0,2,2.9618157171839257,-0.015229306298862778,3.1075283041720025,-5.0,5.0,19.81981981981982,0.16371009999420494,0.15625
5,0.0972034899565904,0.10455084621363638,0.007347356257045981,0.0012253907328402258,0,2.919913381685653,0.0236156925244187,3.120770708225502,-5.0,5.0,19.8018018018018,0.1696668000004138,0.171875
6,0.08539198840088083,0.09106519375576808,0.005673205354887245,0.011811501555709564,0,2.893803803255615,-0.013195692954005083,3.118649601954692,-5.0,5.0,20.18918918918919,0.16908880000119098,0.1875
7,0.07910956453521567,0.07854065165501145,-0.0005689128802042198,0.00628242386566516,0,2.7938897371887736,0.03839664484299988,3.103972512025068,-5.0,5.0,20.234234234234233,0.1664770999996108,0.171875
8,0.07910956453521567,0.07854065165501145,-0.0005689128802042198,0.0,1,2.8774798791765623,0.0928949164469655,3.147791027732919,-5.0,5.0,21.63063063063063,0.16747590000159107,0.171875
9,0.060836284806290594,0.0629323121681344,0.0020960273618438052,0.018273279728925076,0,2.8756180504735753,0.0911277161843942,3.1959561497236293,-5.0,5.0,23.18018018018018,0.16567059999943012,0.171875
10,0.060836284806290594,0.0629323121681344,0.0020960273618438052,0.0,1,2.8378359957000967,0.05351655764821421,3.2211587436149443,-5.0,5.0,24.16216216216216,0.16810719999921275,0.171875
11,0.060836284806290594,0.0629323121681344,0.0020960273618438052,0.0,2,2.8312261819876365,-0.00042707659988189045,3.237542606245969,-5.0,5.0,23.945945945945944,0.16253390000201762,0.171875
12,0.05592361379560125,0.061581143976420186,0.005657530180818937,0.004912671010689346,0,2.8662301965284915,0.02974803283158139,3.245945186999955,-5.0,5.0,24.414414414414416,0.16537809999863384,0.171875
13,0.05592361379560125,0.061581143976420186,0.005657530180818937,0.0,1,2.9073411519138905,-0.017194440306315492,3.284598271255144,-5.0,5.0,25.036036036036037,0.1670053999987431,0.1875
14,0.05592361379560125,0.061581143976420186,0.005657530180818937,0.0,2,2.9032127130845145,-0.06435057187483383,3.3032388058628492,-5.0,5.0,26.07207207207207,0.15433520000078715,0.15625
15,0.04216125000544149,0.05048808851889924,0.008326838513457752,0.013762363790159757,0,2.8964192951866097,-0.0803796758851597,3.311247616052493,-5.0,5.0,26.027027027027028,0.1593122000049334,0.171875
16,0.04216125000544149,0.05048808851889924,0.008326838513457752,0.0,1,2.8163722416366577,-0.05725684349879696,3.3390473310977042,-5.0,5.0,26.71171171171171,0.15803980000055162,0.1875
17,0.0365196500700968,0.04499097123311048,0.008471321163013683,0.005641599935344695,0,2.8581373084673696,-0.042086754123634995,3.333796180469855,-5.0,5.0,26.486486486486488,0.15560379999806173,0.15625
18,0.0365196500700968,0.04499097123311048,0.008471321163013683,0.0,1,2.7586738919959277,-0.07784282249096688,3.349503864329527,-5.0,5.0,27.135135135135137,0.15872839999792632,0.171875
19,0.0365196500700968,0.04499097123311048,0.008471321163013683,0.0,2,2.8097877849033583,-0.10325842490931643,3.337224323650826,-5.0,5.0,26.594594594594597,0.1575107999960892,0.15625
20,0.03341720617513754,0.041601738904048294,0.008184532728910753,0.003102443894959256,0,2.5800075289854387,-0.136552653778635,3.35812239378926,-5.0,5.0,26.828828828828826,0.15511100000003353,0.1875
21,0.032051139930471755,0.03784113406428891,0.0057899941338171584,0.0013660662446657867,0,2.5294855859818313,-0.12472056268777318,3.3872630258997627,-5.0,5.0,27.10810810810811,0.15848099999857368,0.15625
22,0.030433184419091396,0.03828413920883451,0.007850954789743111,0.001617955511380359,0,2.4884962587241817,-0.1462653179892941,3.3778999731035064,-5.0,5.0,27.063063063063066,0.15907690000312869,0.1875
23,0.027832974102076705,0.036140043140602866,0.008307069038526162,0.002600210317014691,0,2.2337620194494017,-0.11787618807090697,3.419650464185919,-5.0,5.0,28.702702702702705,0.16015369999513496,0.15625
24,0.02557307523856715,0.03250825185889597,0.006935176620328821,0.0022598988635095553,0,2.1382713240951836,-0.11884291192874813,3.4575671234818874,-5.0,5.0,30.270270270270274,0.16417579999688314,0.1875
25,0.025570755216611857,0.03250829350819177,0.0069375382915799096,2.320021955291851e-06,0,2.1224406711822352,-0.10397578934197489,3.4748590668604593,-5.0,5.0,30.36036036036036,0.15912650000245776,0.15625
26,0.025570755216611857,0.03250829350819177,0.0069375382915799096,0.0,1,2.0828898174542507,-0.12948768598489552,3.4785596050129115,-5.0,5.0,30.47747747747748,0.16378740000072867,0.15625
27,0.025570755216611857,0.03250829350819177,0.0069375382915799096,0.0,2,2.0957632510962156,-0.11096284332161328,3.4888518880366024,-5.0,5.0,30.00900900900901,0.16022420000081183,0.1875
28,0.025379904045389836,0.032208961540694296,0.00682905749530446,0.0001908511712220215,0,2.0395364291408904,-0.12530123470199203,3.532542146051363,-5.0,5.0,31.198198198198195,0.16273569999611937,0.15625
29,0.022324796857271005,0.026241163305929852,0.003916366448658847,0.003055107188118831,0,1.9570622285381947,-0.12164395938341996,3.5230128583356306,-5.0,5.0,30.92792792792793,0.16344930000195745,0.1875
30,0.02114769968309697,0.026075201612720287,0.004927501929623317,0.0011770971741740348,0,2.0115360041227635,-0.10647402461581891,3.557200117934327,-5.0,5.0,31.99099099099099,0.18833079999603797,0.1875
31,0.0172544067445185,0.02089770506923699,0.0036432983247184914,0.0038932929385784715,0,2.0953069740291865,-0.12048090568086718,3.574346141931431,-5.0,5.0,32.81081081081081,0.17278809999697842,0.171875
32,0.0172544067445185,0.02089770506923699,0.0036432983247184914,0.0,1,2.0821387875231516,-0.08785729332751176,3.5765473710890947,-5.0,5.0,32.54054054054054,0.17359720000240486,0.1875
33,0.014978588504183378,0.015502479641674862,0.0005238911374914838,0.0022758182403351205,0,2.0922437244775933,-0.04537984209369197,3.5600182960214757,-5.0,5.0,31.71171171171171,0.16219450000062352,0.1875
34,0.014978588504183378,0.015502479641674862,0.0005238911374914838,0.0,1,2.109122132175756,-0.029524266732689146,3.5493682994685574,-5.0,5.0,31.0990990990991,0.17491400000290014,0.203125
35,0.014968612189418935,0.016324208823613583,0.0013555966341946488,9.976314764443758e-06,0,2.112271335258912,-0.0017072249823226046,3.548131120214798,-5.0,5.0,30.54054054054054,0.16564629999629688,0.203125
36,0.014963864847087754,0.015483676587784743,0.0005198117406969884,4.747342331180154e-06,0,2.123104663081945,0.04714663632550572,3.55380268500767,-5.0,5.0,31.09009009009009,0.19764229999418603,0.21875
37,0.014963864847087754,0.015483676587784743,0.0005198117406969884,0.0,1,2.0828597786989307,0.10329122010786061,3.5376346861957986,-5.0,5.0,30.62162162162162,0.16503360000206158,0.140625
38,0.014963864847087754,0.015483676587784743,0.0005198117406969884,0.0,2,2.065699293255526,0.1087016570393657,3.5385720615205254,-5.0,5.0,30.810810810810814,0.15823829999862937,0.140625
39,0.014192486830210804,0.01733217587103667,0.003139689040825868,0.0007713780168769509,0,2.0242470493607274,0.10378737559483521,3.5282988099188275,-5.0,5.0,30.945945945945947,0.15746869999566115,0.15625
40,0.013761670978391963,0.014274560295988213,0.0005128893175962504,0.0004308158518188405,0,1.8708977307510335,0.03258506085230418,3.5284031424659785,-5.0,5.0,31.270270270270274,0.16065010000602342,0.203125
41,0.013476775063894754,0.013809725723745385,0.000332950659850631,0.00028489591449720915,0,1.9182165773553217,0.025102047759229033,3.50475829536415,-5.0,5.0,30.62162162162162,0.16414419999637175,0.1875
42,0.013476775063894754,0.013809725723745385,0.000332950659850631,0.0,1,1.8886684639375781,0.012209389343583838,3.5222534599365694,-5.0,5.0,31.71171171171171,0.16482359999645269,0.1875
43,0.012312860890442359,0.014040471276562824,0.0017276103861204647,0.001163914173452395,0,1.9018986258537822,0.02014787944637915,3.538245325140356,-5.0,5.0,32.32432432432432,0.17039280000608414,0.1875
44,0.01076521328845112,0.012502908541605545,0.0017376952531544254,0.001547647601991239,0,1.930827090148588,0.036266625869223225,3.5215456189319303,-5.0,5.0,31.603603603603602,0.1639775000003283,0.171875
45,0.01076521328845112,0.012502908541605545,0.0017376952531544254,0.0,1,1.911129052846375,0.015111893928920426,3.5325876574003607,-5.0,5.0,32.67567567567568,0.18005209999682847,0.203125
46,0.01076521328845112,0.012502908541605545,0.0017376952531544254,0.0,2,1.9318303030999777,-0.026949425544230396,3.53490008861038,-5.0,5.0,33.18018018018018,0.1607838999989326,0.171875
47,0.01076521328845112,0.012502908541605545,0.0017376952531544254,0.0,3,1.833584776255221,-0.09078421431852655,3.51751235935605,-5.0,5.0,33.054054054054056,0.16673460000311024,0.171875
48,0.01076521328845112,0.012502908541605545,0.0017376952531544254,0.0,4,1.7729406644215906,-0.1574261357063653,3.5275660949530554,-5.0,5.0,33.666666666666664,0.1651951999956509,0.171875
49,0.01076521328845112,0.012502908541605545,0.0017376952531544254,0.0,5,1.7225995480722147,-0.187623001548343,3.5405859148165333,-5.0,5.0,34.14414414414414,0.1648503999967943,0.171875
50,0.01076521328845112,0.012502908541605545,0.0017376952531544254,0.0,6,1.7725460745893227,-0.2414515503160482,3.5415204112948504,-5.0,5.0,34.89189189189189,0.16919400000188034,0.1875
51,0.01076521328845112,0.012502908541605545,0.0017376952531544254,0.0,7,1.8138687046286102,-0.25023758454027206,3.5517605598293986,-5.0,5.0,35.45945945945946,0.16015260000131093,0.171875
52,0.01076521328845112,0.012502908541605545,0.0017376952531544254,0.0,8,1.63318387365101,-0.32823654202678,3.5482272223140257,-5.0,5.0,36.009009009009006,0.1654865999953472,0.171875
53,0.01076521328845112,0.012502908541605545,0.0017376952531544254,0.0,9,1.677287894974299,-0.3470248350019787,3.547587553546347,-5.0,5.0,35.93693693693694,0.1655003999985638,0.171875
54,0.01076521328845112,0.012502908541605545,0.0017376952531544254,0.0,10,1.5874077355766045,-0.4012127074489466,3.5285682187133576,-5.0,5.0,35.5045045045045,0.1610770000042976,0.1875
55,0.01076521328845112,0.012502908541605545,0.0017376952531544254,0.0,11,1.5665842684615385,-0.3975105956308876,3.5286465742960846,-5.0,5.0,35.51351351351351,0.14973060000193072,0.140625
56,0.010615276990781271,0.01208303392077158,0.0014677569299903093,0.00014993629766984866,0,1.508669896613481,-0.36310403268761804,3.5150017637514237,-5.0,5.0,34.55855855855856,0.17486210000060964,0.171875
57,0.010615276990781271,0.01208303392077158,0.0014677569299903093,0.0,1,1.454408379848357,-0.3835504172470181,3.5058901142180594,-5.0,5.0,34.387387387387385,0.16135290000238456,0.1875
58,0.010569105409534455,0.011174478841495368,0.0006053734319609125,4.617158124681567e-05,0,1.4088607312950772,-0.32358990675913,3.50617218303246,-5.0,5.0,34.24324324324324,0.1554251999987173,0.140625
59,0.010533906280977686,0.011736921389790702,0.0012030151088130159,3.5199128556769044e-05,0,1.460335207985089,-0.30511755709023836,3.492303172601138,-5.0,5.0,34.00900900900901,0.1587736000001314,0.171875
60,0.010144014164277583,0.010748674643044335,0.0006046604787667519,0.00038989211670010376,0,1.507864899463631,-0.309202680474664,3.475775988202904,-5.0,5.0,33.306306306306304,0.16063710000162246,0.171875
61,0.010144014164277583,0.010748674643044335,0.0006046604787667519,0.0,1,1.5760197941484981,-0.3055386895772335,3.491499263147496,-5.0,5.0,33.2972972972973,0.15618719999474706,0.171875
62,0.010144014164277583,0.010748674643044335,0.0006046604787667519,0.0,2,1.6050926151956986,-0.31402568761123784,3.5034790164676495,-5.0,5.0,33.48648648648649,0.16324870000244118,0.15625
63,0.010144014164277583,0.010748674643044335,0.0006046604787667519,0.0,3,1.646483775836559,-0.27984687314667134,3.522178841128646,-5.0,5.0,33.89189189189189,0.16384900000412017,0.171875
64,0.009978724374880718,0.010586964606029649,0.0006082402311489311,0.0001652897893968646,0,1.5912392499737822,-0.2651849731137077,3.5068633663968525,-5.0,5.0,32.85585585585585,0.16221629999927245,0.15625
65,0.009978724374880718,0.010586964606029649,0.0006082402311489311,0.0,1,1.6367306055743762,-0.3131544969063426,3.502160776822964,-5.0,5.0,33.02702702702703,0.16464409999753116,0.21875
66,0.00837441454162464,0.009814335375648147,0.0014399208340235073,0.0016043098332560787,0,1.6217979225009642,-0.3204880871309927,3.510685363694118,-5.0,5.0,33.44144144144144,0.1536160000032396,0.15625
67,0.00837441454162464,0.009814335375648147,0.0014399208340235073,0.0,1,1.6890445636535996,-0.3237463047311186,3.5038847877623804,-5.0,5.0,33.13513513513514,0.1648161000048276,0.15625
68,0.00837441454162464,0.009814335375648147,0.0014399208340235073,0.0,2,1.6508824314806045,-0.3208339304304391,3.4921940545272223,-5.0,5.0,32.648648648648646,0.1682996999952593,0.171875
69,0.00837441454162464,0.009814335375648147,0.0014399208340235073,0.0,3,1.6744694340567743,-0.3092954087113123,3.5013277519917083,-5.0,5.0,33.21621621621622,0.16258079999533948,0.15625
70,0.00837441454162464,0.009814335375648147,0.0014399208340235073,0.0,4,1.6734092697794556,-0.3008048481986883,3.4831539483646106,-5.0,5.0,32.38738738738739,0.1631097999998019,0.15625
71,0.007794699569909125,0.00870587809894212,0.0009111785290329957,0.0005797149717155147,0,1.6822162781619399,-0.28411367720731917,3.477678503349947,-5.0,5.0,32.31531531531531,0.16071219999867026,0.171875
72,0.007001750972093051,0.007917281903478469,0.0009155309313854179,0.0007929485978160735,0,1.7628602860947356,-0.2855454515182402,3.4847835142329013,-5.0,5.0,32.45945945945946,0.16851989999850048,0.171875
73,0.007001750972093051,0.007917281903478469,0.0009155309313854179,0.0,1,1.7782403321489333,-0.29542836578595083,3.4808707827583034,-5.0,5.0,32.34234234234235,0.16249560000142083,0.140625
74,0.007001750972093051,0.007917281903478469,0.0009155309313854179,0.0,2,1.7755161471367447,-0.27136270470527507,3.4702168349642903,-5.0,5.0,31.513513513513512,0.15382959999988088,0.15625
75,0.007001750972093051,0.007917281903478469,0.0009155309313854179,0.0,3,1.8582880961104653,-0.30389011146411377,3.4829768771531544,-5.0,5.0,32.027027027027025,0.16032799999811687,0.15625
76,0.007001750972093051,0.007917281903478469,0.0009155309313854179,0.0,4,1.811433305135023,-0.27548647032646667,3.481183758669253,-5.0,5.0,31.756756756756754,0.1622332000042661,0.171875
77,0.006998549674100197,0.00788647608630329,0.0008879264122030935,3.201297992853902e-06,0,1.8500966539466823,-0.24740046246270464,3.515638348670966,-5.0,5.0,32.990990990990994,0.15127770000253804,0.140625
78,0.006998549674100197,0.00788647608630329,0.0008879264122030935,0.0,1,1.8571688052854556,-0.25041144534257925,3.5188260195376397,-5.0,5.0,33.21621621621622,0.15915630000381498,0.1875
79,0.006998549674100197,0.00788647608630329,0.0008879264122030935,0.0,2,1.8981019013687144,-0.265390854466658,3.531911132494471,-5.0,5.0,33.792792792792795,0.15391180000005988,0.140625
80,0.006998549674100197,0.00788647608630329,0.0008879264122030935,0.0,3,1.8619292010511883,-0.26571626895766526,3.5103588296388177,-5.0,5.0,33.27927927927928,0.1621886000066297,0.203125
81,0.006998549674100197,0.00788647608630329,0.0008879264122030935,0.0,4,1.9400324321145541,-0.27577919484215324,3.5037615362267904,-5.0,5.0,32.513513513513516,0.15821679999498883,0.171875
82,0.006998549674100197,0.00788647608630329,0.0008879264122030935,0.0,5,1.9420915886913155,-0.2767720530538297,3.5085787502623225,-5.0,5.0,33.06306306306306,0.17419939999672351,0.171875
83,0.006998549674100197,0.00788647608630329,0.0008879264122030935,0.0,6,1.9561791067545293,-0.2554831367243689,3.49574140647677,-5.0,5.0,32.531531531531535,0.16371429999708198,0.171875
84,0.006998549674100197,0.00788647608630329,0.0008879264122030935,0.0,7,1.8375121567369779,-0.2573231379450845,3.4927379734322774,-5.0,5.0,32.567567567567565,0.15482370000245282,0.15625
85,0.006998549674100197,0.00788647608630329,0.0008879264122030935,0.0,8,1.751120981511414,-0.22817635079509827,3.491139734622272,-5.0,5.0,32.92792792792793,0.16645530000096187,0.171875
86,0.006998549674100197,0.00788647608630329,0.0008879264122030935,0.0,9,1.6328407344415345,-0.22289559635637218,3.481703395514981,-5.0,5.0,32.81981981981982,0.15905530000600265,0.15625
87,0.006998549674100197,0.00788647608630329,0.0008879264122030935,0.0,10,1.495710122943301,-0.19876840579096333,3.4789363769803607,-5.0,5.0,32.62162162162162,0.15881899999658344,0.15625
88,0.006586124124816649,0.007685977364340912,0.0010998532395242629,0.00041242554928354845,0,1.3364437874495974,-0.18158869653161944,3.4778672161021924,-5.0,5.0,32.648648648648646,0.16976620000059484,0.1875
89,0.006558332601635668,0.007572599891290143,0.001014267289654475,2.779152318098041e-05,0,1.4258085946693186,-0.1555539970413473,3.4742766724333136,-5.0,5.0,32.79279279279279,0.15604049999819836,0.171875
90,0.006558332601635668,0.007572599891290143,0.001014267289654475,0.0,1,1.3930795877375353,-0.14691185173449875,3.4648874994643233,-5.0,5.0,32.38738738738739,0.1555995000016992,0.171875
91,0.006558332601635668,0.007572599891290143,0.001014267289654475,0.0,2,1.4180693137734397,-0.1373433709521094,3.458167651227754,-5.0,5.0,31.675675675675674,0.16131509999831906,0.171875
92,0.006558332601635668,0.007572599891290143,0.001014267289654475,0.0,3,1.4205802270064694,-0.1366090900393972,3.461210356830821,-5.0,5.0,32.0,0.15350409999518888,0.125
93,0.006539465353409468,0.00754356629425468,0.0010041009408452125,1.8867248226200548e-05,0,1.40311062940743,-0.15198609046821018,3.4544503066466152,-5.0,5.0,31.486486486486488,0.1627024000044912,0.15625
94,0.006502931972072615,0.007583726676588468,0.0010807947045158531,3.653338133685277e-05,0,1.4018534871484594,-0.10654175738733522,3.4568799265598726,-5.0,5.0,31.405405405405407,0.1636891000016476,0.15625
95,0.006502931972072615,0.007583726676588468,0.0010807947045158531,0.0,1,1.4410488175585967,-0.07851376258609245,3.445929268296215,-5.0,5.0,31.234234234234233,0.16395550000015646,0.203125
96,0.006502931972072615,0.007583726676588468,0.0010807947045158531,0.0,2,1.446799531745522,-0.06699638407838888,3.450362701358999,-5.0,5.0,31.756756756756754,0.1620277000038186,0.15625
97,0.006502931972072615,0.007583726676588468,0.0010807947045158531,0.0,3,1.485002485027003,-0.11719442879876507,3.4386623718288525,-5.0,5.0,31.747747747747745,0.20806149999407353,0.1875
98,0.006502931972072615,0.007583726676588468,0.0010807947045158531,0.0,4,1.5047518335926293,-0.07909177718287737,3.4261485959920317,-5.0,5.0,31.135135135135133,0.19268089999968652,0.203125
99,0.006502931972072615,0.007583726676588468,0.0010807947045158531,0.0,5,1.4722357991833792,-0.08869138653467966,3.4306932375056527,-5.0,5.0,31.036036036036034,0.17945289999624947,0.171875
100,0.006502931972072615,0.007583726676588468,0.0010807947045158531,0.0,6,1.4708985714921872,-0.11715012507076483,3.41872103753713,-5.0,5.0,30.324324324324326,0.17079370000283234,0.1875
